Tahun,Provinsi,Kabupaten_Kota,Timbulan_Harian_ton,Timbulan_Tahunan_ton
2019,ACEH,Kab. Aceh Selatan,95.93,35013.28
2021,ACEH,Kab. Aceh Selatan,94.59,34527.1
2022,ACEH,Kab. Aceh Selatan,96.49,35217.68
2023,ACEH,Kab. Aceh Selatan,96.78,35323.53
2024,ACEH,Kab. Aceh Selatan,95.79,34963.35
2022,ACEH,Kab. Aceh Tenggara,91.32,33332.97
2023,ACEH,Kab. Aceh Tenggara,114.15,41666.21
2024,ACEH,Kab. Aceh Tenggara,114.68,41859.66
2020,ACEH,Kab. Aceh Timur,57.6,21023.49
2022,ACEH,Kab. Aceh Timur,173.14,63195.95
2023,ACEH,Kab. Aceh Timur,179.92,65670.22
2024,ACEH,Kab. Aceh Timur,184.56,67363.09
2019,ACEH,Kab. Aceh Tengah,100.97,36853.74
2020,ACEH,Kab. Aceh Tengah,101.55,37067.15
2023,ACEH,Kab. Aceh Tengah,109.73,40050.24
2024,ACEH,Kab. Aceh Tengah,113.98,41601.58
2022,ACEH,Kab. Aceh Barat,101.43,37021.59
2023,ACEH,Kab. Aceh Barat,100.86,36813.72
2024,ACEH,Kab. Aceh Barat,102.55,37432.21
2023,ACEH,Kab. Aceh Besar,148.09,54053.29
2024,ACEH,Kab. Aceh Besar,149.14,54434.93
2022,ACEH,Kab. Pidie,177.8,64897.73
2023,ACEH,Kab. Pidie,177.08,64634.93
2024,ACEH,Kab. Pidie,181.02,66071.86
2023,ACEH,Kab. Aceh Utara,307.32,112171.8
2024,ACEH,Kab. Aceh Utara,307.32,112171.8
2019,ACEH,Kab. Simeulue,43.96,16044.14
2020,ACEH,Kab. Simeulue,43.55,15897.1
2022,ACEH,Kab. Simeulue,44.61,16280.89
2023,ACEH,Kab. Simeulue,45.14,16476.21
2024,ACEH,Kab. Simeulue,45.68,16673.93
2022,ACEH,Kab. Aceh Singkil,52.77,19261.34
2023,ACEH,Kab. Aceh Singkil,52.31,19094.9
2024,ACEH,Kab. Aceh Singkil,54.9,20039.08
2023,ACEH,Kab. Bireuen,158.36,57800.09
2024,ACEH,Kab. Bireuen,161.77,59046.49
2022,ACEH,Kab. Aceh Barat Daya,77.67,28348.09
2023,ACEH,Kab. Aceh Barat Daya,77.67,28348.09
2024,ACEH,Kab. Aceh Barat Daya,80.03,29210.59
2019,ACEH,Kab. Gayo Lues,37.64,13738.6
2021,ACEH,Kab. Gayo Lues,40.43,14757.24
2022,ACEH,Kab. Gayo Lues,41.06,14986.02
2023,ACEH,Kab. Gayo Lues,41.28,15068.51
2024,ACEH,Kab. Gayo Lues,41.94,15308.98
2020,ACEH,Kab. Aceh Jaya,46.24,16876.51
2022,ACEH,Kab. Aceh Jaya,47.21,17231.29
2023,ACEH,Kab. Aceh Jaya,48.01,17525.11
2024,ACEH,Kab. Aceh Jaya,50.34,18373.01
2022,ACEH,Kab. Nagan Raya,69.36,25315.38
2023,ACEH,Kab. Nagan Raya,69.73,25451.6
2024,ACEH,Kab. Nagan Raya,70.58,25763.31
2022,ACEH,Kab. Aceh Tamiang,120.72,44062.8
2023,ACEH,Kab. Aceh Tamiang,122.09,44561.68
2024,ACEH,Kab. Aceh Tamiang,123.64,45127.58
2019,ACEH,Kab. Bener Meriah,64.89,23683.1
2020,ACEH,Kab. Bener Meriah,64.65,23597.54
2022,ACEH,Kab. Bener Meriah,65.99,24084.74
2023,ACEH,Kab. Bener Meriah,67.63,24685.68
2024,ACEH,Kab. Bener Meriah,68.81,25117.26
2022,ACEH,Kab. Pidie Jaya,79.53,29029.44
2023,ACEH,Kab. Pidie Jaya,81.05,29581.54
2024,ACEH,Kab. Pidie Jaya,82.58,30143.46
2019,ACEH,Kota Banda Aceh,238.6,87088.96
2020,ACEH,Kota Banda Aceh,243.29,88800.12
2021,ACEH,Kota Banda Aceh,248.67,90765.86
2022,ACEH,Kota Banda Aceh,252.21,92055.88
2023,ACEH,Kota Banda Aceh,255.81,93370.54
2024,ACEH,Kota Banda Aceh,259.4,94679.61
2019,ACEH,Kota Sabang,21.61,7886.51
2020,ACEH,Kota Sabang,26.37,9624.82
2021,ACEH,Kota Sabang,16.83,6141.64
2022,ACEH,Kota Sabang,17.28,6308.37
2023,ACEH,Kota Sabang,17.28,6308.37
2024,ACEH,Kota Sabang,17.41,6354.94
2023,ACEH,Kota Lhokseumawe,98.06,35793.28
2024,ACEH,Kota Lhokseumawe,100.2,36571.41
2019,ACEH,Kota Langsa,94.58,34522.61
2020,ACEH,Kota Langsa,95.17,34737.78
2021,ACEH,Kota Langsa,92.83,33883.32
2022,ACEH,Kota Langsa,94.44,34470.24
2023,ACEH,Kota Langsa,96.32,35154.98
2024,ACEH,Kota Langsa,97.37,35538.23
2021,ACEH,Kota Subulussalam,45.29,16529.21
2022,ACEH,Kota Subulussalam,37.07,13529.97
2023,ACEH,Kota Subulussalam,57.07,20831.06
2024,ACEH,Kota Subulussalam,48.89,17843.03
2019,BALI,Kab. Jembrana,163.72,59757.44
2020,BALI,Kab. Jembrana,164.7,60115.32
2021,BALI,Kab. Jembrana,162.73,59395.72
2022,BALI,Kab. Jembrana,162.94,59472.92
2023,BALI,Kab. Jembrana,163.74,59765.28
2024,BALI,Kab. Jembrana,164.68,60106.92
2020,BALI,Kab. Tabanan,230.82,84247.48
2021,BALI,Kab. Tabanan,230.82,84247.48
2023,BALI,Kab. Tabanan,232.67,84922.73
2024,BALI,Kab. Tabanan,237.18,86571.07
2019,BALI,Kab. Badung,283.42,103447.64
2020,BALI,Kab. Badung,281.24,102654.16
2021,BALI,Kab. Badung,319.81,116731.24
2022,BALI,Kab. Badung,327.33,119474.58
2023,BALI,Kab. Badung,534.86,195222.49
2024,BALI,Kab. Badung,547.43,199810.15
2019,BALI,Kab. Gianyar,435.37,158910.05
2020,BALI,Kab. Gianyar,438.86,160182.08
2021,BALI,Kab. Gianyar,387.23,141337.13
2022,BALI,Kab. Gianyar,538.9,196698.5
2023,BALI,Kab. Gianyar,538.9,196698.5
2024,BALI,Kab. Gianyar,562.0,205129.64
2022,BALI,Kab. Klungkung,103.13,37643.55
2023,BALI,Kab. Klungkung,110.25,40239.61
2024,BALI,Kab. Klungkung,111.86,40829.45
2019,BALI,Kab. Bangli,108.03,39430.37
2020,BALI,Kab. Bangli,108.98,39777.41
2021,BALI,Kab. Bangli,110.9,40479.96
2022,BALI,Kab. Bangli,111.88,40836.05
2023,BALI,Kab. Bangli,112.86,41195.36
2024,BALI,Kab. Bangli,113.86,41557.88
2019,BALI,Kab. Karangasem,208.3,76029.5
2020,BALI,Kab. Karangasem,249.5,91067.5
2022,BALI,Kab. Karangasem,311.54,113711.83
2023,BALI,Kab. Karangasem,281.22,102643.48
2024,BALI,Kab. Karangasem,281.22,102643.48
2019,BALI,Kab. Buleleng,335.17,122337.78
2020,BALI,Kab. Buleleng,341.9,124791.86
2021,BALI,Kab. Buleleng,339.1,123771.5
2022,BALI,Kab. Buleleng,392.56,143283.67
2023,BALI,Kab. Buleleng,412.5,150562.5
2024,BALI,Kab. Buleleng,413.1,150779.68
2019,BALI,Kota Denpasar,651.53,237808.16
2020,BALI,Kota Denpasar,663.26,242088.55
2021,BALI,Kota Denpasar,957.59,349519.44
2022,BALI,Kota Denpasar,866.61,316312.65
2023,BALI,Kota Denpasar,980.78,357984.7
2024,BALI,Kota Denpasar,1004.95,366806.75
2019,BANTEN,Kab. Pandeglang,487.74,178026.41
2023,BANTEN,Kab. Pandeglang,509.07,185812.3
2024,BANTEN,Kab. Pandeglang,525.11,191663.84
2019,BANTEN,Kab. Lebak,510.97,186504.05
2020,BANTEN,Kab. Lebak,514.26,187706.21
2022,BANTEN,Kab. Lebak,591.47,215885.24
2023,BANTEN,Kab. Lebak,597.99,218266.5
2024,BANTEN,Kab. Lebak,612.63,223608.34
2019,BANTEN,Kab. Tangerang,2660.55,971101.08
2022,BANTEN,Kab. Tangerang,2305.47,841497.68
2020,BANTEN,Kab. Serang,1135.84,414581.97
2021,BANTEN,Kab. Serang,1163.84,424801.97
2022,BANTEN,Kab. Serang,1135.84,414581.97
2023,BANTEN,Kab. Serang,1175.24,428962.78
2024,BANTEN,Kab. Serang,1200.57,438206.52
2019,BANTEN,Kota Tangerang,1583.67,578038.09
2022,BANTEN,Kota Tangerang,1381.53,504258.12
2023,BANTEN,Kota Tangerang,1409.53,514478.12
2024,BANTEN,Kota Tangerang,2187.41,798405.91
2019,BANTEN,Kota Cilegon,370.44,135211.0
2020,BANTEN,Kota Cilegon,373.86,136458.0
2021,BANTEN,Kota Cilegon,217.45,79368.52
2022,BANTEN,Kota Cilegon,227.86,83169.08
2023,BANTEN,Kota Cilegon,278.83,101772.8
2024,BANTEN,Kota Cilegon,360.92,131735.68
2020,BANTEN,Kota Serang,521.75,190440.06
2022,BANTEN,Kota Serang,584.83,213464.02
2023,BANTEN,Kota Serang,601.38,219503.03
2024,BANTEN,Kota Serang,617.31,225318.46
2019,BANTEN,Kota Tangerang Selatan,1031.26,376411.56
2020,BANTEN,Kota Tangerang Selatan,1070.56,390753.87
2021,BANTEN,Kota Tangerang Selatan,799.07,291659.27
2022,BANTEN,Kota Tangerang Selatan,972.63,355009.43
2023,BANTEN,Kota Tangerang Selatan,1011.45,369177.5
2019,BENGKULU,Kab. Bengkulu Selatan,63.36,23127.71
2023,BENGKULU,Kab. Rejang Lebong,198.54,72465.68
2019,BENGKULU,Kab. Bengkulu Utara,179.2,65408.29
2022,BENGKULU,Kab. Bengkulu Utara,189.61,69207.72
2023,BENGKULU,Kab. Bengkulu Utara,181.12,66108.44
2024,BENGKULU,Kab. Bengkulu Utara,186.83,68192.66
2021,BENGKULU,Kab. Seluma,106.76,38966.12
2022,BENGKULU,Kab. Seluma,105.25,38417.16
2023,BENGKULU,Kab. Seluma,106.89,39013.94
2024,BENGKULU,Kab. Seluma,107.5,39238.6
2019,BENGKULU,Kab. Lebong,42.92,15665.22
2020,BENGKULU,Kab. Lebong,43.09,15726.97
2022,BENGKULU,Kab. Lebong,80.57,29409.84
2023,BENGKULU,Kab. Lebong,83.61,30516.44
2024,BENGKULU,Kab. Lebong,45.91,16757.3
2019,BENGKULU,Kab. Kepahiang,54.98,20068.87
2020,BENGKULU,Kab. Kepahiang,56.16,20498.84
2019,BENGKULU,Kab. Bengkulu Tengah,57.25,20897.71
2023,BENGKULU,Kab. Bengkulu Tengah,59.91,21866.06
2024,BENGKULU,Kab. Bengkulu Tengah,60.57,22107.87
2023,BENGKULU,Kota Bengkulu,273.0,99645.77
2019,DAERAH ISTIMEWA YOGYAKARTA,Kab. Kulon Progo,169.24,61774.21
2020,DAERAH ISTIMEWA YOGYAKARTA,Kab. Kulon Progo,174.56,63713.67
2021,DAERAH ISTIMEWA YOGYAKARTA,Kab. Kulon Progo,177.14,64654.35
2022,DAERAH ISTIMEWA YOGYAKARTA,Kab. Kulon Progo,177.34,64730.71
2023,DAERAH ISTIMEWA YOGYAKARTA,Kab. Kulon Progo,219.27,80033.9
2024,DAERAH ISTIMEWA YOGYAKARTA,Kab. Kulon Progo,216.92,79177.19
2019,DAERAH ISTIMEWA YOGYAKARTA,Kab. Bantul,555.92,202910.55
2022,DAERAH ISTIMEWA YOGYAKARTA,Kab. Bantul,439.4,160382.71
2023,DAERAH ISTIMEWA YOGYAKARTA,Kab. Bantul,444.15,162114.46
2024,DAERAH ISTIMEWA YOGYAKARTA,Kab. Bantul,421.52,153853.22
2019,DAERAH ISTIMEWA YOGYAKARTA,Kab. Gunungkidul,360.74,131671.16
2020,DAERAH ISTIMEWA YOGYAKARTA,Kab. Gunungkidul,360.74,131671.16
2022,DAERAH ISTIMEWA YOGYAKARTA,Kab. Gunungkidul,377.73,137871.89
2023,DAERAH ISTIMEWA YOGYAKARTA,Kab. Gunungkidul,385.15,140580.21
2024,DAERAH ISTIMEWA YOGYAKARTA,Kab. Gunungkidul,368.0,134318.32
2019,DAERAH ISTIMEWA YOGYAKARTA,Kab. Sleman,699.12,255180.17
2020,DAERAH ISTIMEWA YOGYAKARTA,Kab. Sleman,701.95,256210.07
2021,DAERAH ISTIMEWA YOGYAKARTA,Kab. Sleman,735.57,268481.59
2022,DAERAH ISTIMEWA YOGYAKARTA,Kab. Sleman,596.73,217807.27
2023,DAERAH ISTIMEWA YOGYAKARTA,Kab. Sleman,601.79,219653.64
2024,DAERAH ISTIMEWA YOGYAKARTA,Kab. Sleman,601.79,219653.64
2019,DAERAH ISTIMEWA YOGYAKARTA,Kota Yogyakarta,361.96,132116.36
2021,DAERAH ISTIMEWA YOGYAKARTA,Kota Yogyakarta,327.4,119501.69
2022,DAERAH ISTIMEWA YOGYAKARTA,Kota Yogyakarta,303.13,110642.6
2023,DAERAH ISTIMEWA YOGYAKARTA,Kota Yogyakarta,300.56,109704.11
2024,DAERAH ISTIMEWA YOGYAKARTA,Kota Yogyakarta,332.48,121356.66
2019,DKI JAKARTA,Kab. Adm. Kep. Seribu,17.01,6210.12
2020,DKI JAKARTA,Kab. Adm. Kep. Seribu,17.34,6329.24
2021,DKI JAKARTA,Kab. Adm. Kep. Seribu,17.62,6429.48
2022,DKI JAKARTA,Kab. Adm. Kep. Seribu,17.89,6531.08
2023,DKI JAKARTA,Kab. Adm. Kep. Seribu,18.18,6634.27
2020,DKI JAKARTA,Kota Adm. Jakarta Pusat,844.74,308331.29
2021,DKI JAKARTA,Kota Adm. Jakarta Pusat,847.39,309298.18
2022,DKI JAKARTA,Kota Adm. Jakarta Pusat,850.05,310268.53
2023,DKI JAKARTA,Kota Adm. Jakarta Pusat,852.72,311242.8
2019,DKI JAKARTA,Kota Adm. Jakarta Utara,1327.56,484561.02
2020,DKI JAKARTA,Kota Adm. Jakarta Utara,1341.04,489481.03
2021,DKI JAKARTA,Kota Adm. Jakarta Utara,1354.67,494454.86
2022,DKI JAKARTA,Kota Adm. Jakarta Utara,1368.44,499480.75
2023,DKI JAKARTA,Kota Adm. Jakarta Utara,1382.36,504560.46
2024,DKI JAKARTA,Kota Adm. Jakarta Utara,1396.42,509694.5
2020,DKI JAKARTA,Kota Adm. Jakarta Barat,1971.97,719768.0
2022,DKI JAKARTA,Kota Adm. Jakarta Barat,2023.42,738547.77
2023,DKI JAKARTA,Kota Adm. Jakarta Barat,2049.69,748135.3
2019,DKI JAKARTA,Kota Adm. Jakarta Selatan,1904.63,695190.04
2020,DKI JAKARTA,Kota Adm. Jakarta Selatan,1921.0,701164.63
2021,DKI JAKARTA,Kota Adm. Jakarta Selatan,1937.54,707201.35
2022,DKI JAKARTA,Kota Adm. Jakarta Selatan,1954.25,713300.85
2023,DKI JAKARTA,Kota Adm. Jakarta Selatan,1971.13,719463.79
2024,DKI JAKARTA,Kota Adm. Jakarta Selatan,1988.19,725690.82
2019,DKI JAKARTA,Kota Adm. Jakarta Timur,2253.66,822585.19
2020,DKI JAKARTA,Kota Adm. Jakarta Timur,2273.25,829738.03
2021,DKI JAKARTA,Kota Adm. Jakarta Timur,2293.04,836961.37
2022,DKI JAKARTA,Kota Adm. Jakarta Timur,2313.02,844252.43
2023,DKI JAKARTA,Kota Adm. Jakarta Timur,2333.19,851613.56
2019,GORONTALO,Kab. Gorontalo,146.56,53495.57
2020,GORONTALO,Kab. Gorontalo,146.59,53506.23
2022,GORONTALO,Kab. Gorontalo,158.25,57762.71
2023,GORONTALO,Kab. Gorontalo,159.52,58224.95
2022,GORONTALO,Kab. Bone Bolango,49.86,18198.9
2023,GORONTALO,Kab. Bone Bolango,54.85,20018.79
2024,GORONTALO,Kab. Bone Bolango,56.86,20753.66
2019,GORONTALO,Kab. Pohuwato,58.19,21238.47
2020,GORONTALO,Kab. Pohuwato,58.99,21532.96
2022,GORONTALO,Kab. Pohuwato,59.08,21562.59
2023,GORONTALO,Kab. Pohuwato,59.97,21888.32
2019,GORONTALO,Kota Gorontalo,139.84,51040.47
2021,GORONTALO,Kota Gorontalo,141.21,51541.5
2022,GORONTALO,Kota Gorontalo,141.5,51646.51
2023,GORONTALO,Kota Gorontalo,142.24,51918.88
2024,GORONTALO,Kota Gorontalo,143.05,52213.98
2019,JAMBI,Kab. Merangin,192.16,70140.04
2020,JAMBI,Kab. Merangin,195.43,71332.5
2021,JAMBI,Kab. Merangin,198.75,72545.03
2022,JAMBI,Kab. Merangin,202.13,73778.36
2019,JAMBI,Kab. Sarolangun,120.76,44078.57
2020,JAMBI,Kab. Sarolangun,111.27,40612.09
2022,JAMBI,Kab. Sarolangun,117.44,42865.6
2019,JAMBI,Kab. Batanghari,120.85,44110.54
2020,JAMBI,Kab. Batanghari,122.6,44750.17
2019,JAMBI,Kab. Muaro Jambi,80.02,29208.76
2020,JAMBI,Kab. Muaro Jambi,81.62,29792.97
2020,JAMBI,Kab. Tanjung Jabung Barat,166.97,60942.59
2019,JAMBI,Kab. Bungo,149.37,54519.9
2020,JAMBI,Kab. Bungo,152.36,55610.38
2021,JAMBI,Kab. Bungo,155.4,56722.46
2022,JAMBI,Kab. Bungo,158.51,57857.03
2023,JAMBI,Kab. Bungo,161.68,59014.11
2020,JAMBI,Kab. Tebo,135.07,49299.67
2023,JAMBI,Kab. Tebo,143.96,52546.28
2021,JAMBI,Kota Jambi,433.17,158106.98
2022,JAMBI,Kota Jambi,437.5,159688.01
2023,JAMBI,Kota Jambi,443.56,161897.58
2024,JAMBI,Kota Jambi,447.99,163516.42
2019,JAMBI,Kota Sungai Penuh,50.47,18420.46
2020,JAMBI,Kota Sungai Penuh,49.09,17916.39
2022,JAMBI,Kota Sungai Penuh,50.12,18295.44
2023,JAMBI,Kota Sungai Penuh,50.43,18405.31
2024,JAMBI,Kota Sungai Penuh,51.11,18655.88
2023,JAWA BARAT,Kab. Bogor,2813.51,1026931.33
2019,JAWA BARAT,Kab. Sukabumi,1020.58,372510.24
2023,JAWA BARAT,Kab. Cianjur,1267.5,462637.87
2024,JAWA BARAT,Kab. Cianjur,1267.5,462637.87
2020,JAWA BARAT,Kab. Bandung,1321.35,482291.89
2021,JAWA BARAT,Kab. Bandung,1268.33,462939.17
2022,JAWA BARAT,Kab. Bandung,1283.16,468351.94
2023,JAWA BARAT,Kab. Bandung,1301.53,475058.82
2021,JAWA BARAT,Kab. Garut,1120.06,408821.79
2022,JAWA BARAT,Kab. Garut,1112.25,405969.55
2023,JAWA BARAT,Kab. Garut,1121.82,409465.37
2023,JAWA BARAT,Kab. Tasikmalaya,705.33,257444.19
2019,JAWA BARAT,Kab. Ciamis,567.32,207071.95
2021,JAWA BARAT,Kab. Ciamis,572.1,208818.25
2022,JAWA BARAT,Kab. Ciamis,574.68,209758.49
2023,JAWA BARAT,Kab. Ciamis,499.11,182174.42
2024,JAWA BARAT,Kab. Ciamis,501.02,182871.42
2022,JAWA BARAT,Kab. Kuningan,599.4,218782.1
2023,JAWA BARAT,Kab. Kuningan,599.41,218783.56
2024,JAWA BARAT,Kab. Kuningan,492.71,179838.71
2020,JAWA BARAT,Kab. Cirebon,1228.41,448368.18
2021,JAWA BARAT,Kab. Cirebon,1237.12,451549.6
2022,JAWA BARAT,Kab. Cirebon,1250.33,456368.69
2023,JAWA BARAT,Kab. Cirebon,1274.64,465242.92
2024,JAWA BARAT,Kab. Majalengka,938.43,342527.64
2019,JAWA BARAT,Kab. Sumedang,437.91,159837.88
2020,JAWA BARAT,Kab. Sumedang,440.59,160816.27
2021,JAWA BARAT,Kab. Sumedang,442.36,161462.89
2022,JAWA BARAT,Kab. Sumedang,442.72,161592.02
2023,JAWA BARAT,Kab. Sumedang,478.92,174806.09
2024,JAWA BARAT,Kab. Sumedang,482.27,176030.01
2021,JAWA BARAT,Kab. Indramayu,1102.62,402455.25
2022,JAWA BARAT,Kab. Indramayu,1113.65,406481.07
2023,JAWA BARAT,Kab. Indramayu,1124.95,410606.17
2024,JAWA BARAT,Kab. Indramayu,1136.54,414835.78
2019,JAWA BARAT,Kab. Subang,1039.15,379288.79
2024,JAWA BARAT,Kab. Purwakarta,418.28,152672.78
2022,JAWA BARAT,Kab. Karawang,1003.94,366436.49
2023,JAWA BARAT,Kab. Karawang,1254.92,458045.62
2024,JAWA BARAT,Kab. Karawang,1066.97,389444.24
2019,JAWA BARAT,Kab. Bekasi,1814.94,662451.28
2020,JAWA BARAT,Kab. Bekasi,1900.24,693586.51
2022,JAWA BARAT,Kab. Bekasi,2250.35,821379.1
2023,JAWA BARAT,Kab. Bekasi,2219.0,809935.0
2024,JAWA BARAT,Kab. Bekasi,1683.46,614462.32
2023,JAWA BARAT,Kab. Bandung Barat,742.74,271099.81
2024,JAWA BARAT,Kab. Bandung Barat,753.68,275091.74
2019,JAWA BARAT,Kab. Pangandaran,169.91,62018.76
2020,JAWA BARAT,Kab. Pangandaran,171.3,62523.33
2023,JAWA BARAT,Kab. Pangandaran,176.07,64265.84
2024,JAWA BARAT,Kab. Pangandaran,178.06,64993.07
2019,JAWA BARAT,Kota Bogor,658.1,240205.33
2020,JAWA BARAT,Kota Bogor,673.76,245922.33
2021,JAWA BARAT,Kota Bogor,673.76,245922.33
2022,JAWA BARAT,Kota Bogor,744.46,271727.57
2023,JAWA BARAT,Kota Bogor,779.81,284631.6
2024,JAWA BARAT,Kota Bogor,755.36,275707.63
2019,JAWA BARAT,Kota Sukabumi,177.96,64956.11
2020,JAWA BARAT,Kota Sukabumi,179.24,65424.09
2021,JAWA BARAT,Kota Sukabumi,180.26,65795.65
2022,JAWA BARAT,Kota Sukabumi,180.35,65828.41
2023,JAWA BARAT,Kota Sukabumi,184.41,67308.3
2020,JAWA BARAT,Kota Bandung,1539.82,562034.59
2021,JAWA BARAT,Kota Bandung,1592.55,581280.03
2022,JAWA BARAT,Kota Bandung,1594.18,581876.52
2023,JAWA BARAT,Kota Bandung,1609.77,587565.25
2024,JAWA BARAT,Kota Bandung,1496.31,546151.49
2021,JAWA BARAT,Kota Cirebon,204.47,74631.55
2022,JAWA BARAT,Kota Cirebon,209.06,76307.82
2023,JAWA BARAT,Kota Cirebon,212.84,77685.26
2024,JAWA BARAT,Kota Cirebon,216.35,78969.28
2021,JAWA BARAT,Kota Bekasi,2375.99,867236.75
2022,JAWA BARAT,Kota Bekasi,1830.63,668179.0
2023,JAWA BARAT,Kota Bekasi,1747.34,637778.59
2024,JAWA BARAT,Kota Bekasi,1768.29,645426.98
2019,JAWA BARAT,Kota Depok,1516.3,553449.64
2020,JAWA BARAT,Kota Depok,1295.49,472854.23
2021,JAWA BARAT,Kota Depok,1314.14,479660.75
2023,JAWA BARAT,Kota Depok,1265.79,462011.89
2024,JAWA BARAT,Kota Depok,1363.09,497529.02
2019,JAWA BARAT,Kota Cimahi,271.34,99039.08
2020,JAWA BARAT,Kota Cimahi,273.38,99782.38
2021,JAWA BARAT,Kota Cimahi,274.77,100289.42
2022,JAWA BARAT,Kota Cimahi,275.46,100542.32
2023,JAWA BARAT,Kota Cimahi,230.21,84025.77
2019,JAWA BARAT,Kota Tasikmalaya,291.95,106560.83
2020,JAWA BARAT,Kota Tasikmalaya,292.3,106688.51
2022,JAWA BARAT,Kota Tasikmalaya,319.11,116475.95
2023,JAWA BARAT,Kota Tasikmalaya,323.17,117955.24
2024,JAWA BARAT,Kota Tasikmalaya,334.88,122229.45
2020,JAWA BARAT,Kota Banjar,83.74,30566.85
2022,JAWA BARAT,Kota Banjar,85.67,31267.8
2023,JAWA BARAT,Kota Banjar,86.64,31624.18
2024,JAWA BARAT,Kota Banjar,87.2,31828.0
2019,JAWA TENGAH,Kab. Cilacap,912.95,333228.3
2020,JAWA TENGAH,Kab. Cilacap,939.78,343019.17
2021,JAWA TENGAH,Kab. Cilacap,943.59,344409.04
2022,JAWA TENGAH,Kab. Cilacap,950.84,347055.78
2023,JAWA TENGAH,Kab. Cilacap,954.54,348406.57
2021,JAWA TENGAH,Kab. Banyumas,535.23,195357.75
2022,JAWA TENGAH,Kab. Banyumas,536.89,195964.49
2024,JAWA TENGAH,Kab. Banyumas,731.43,266971.66
2021,JAWA TENGAH,Kab. Purbalingga,505.71,184585.06
2022,JAWA TENGAH,Kab. Purbalingga,509.92,186120.8
2024,JAWA TENGAH,Kab. Purbalingga,513.67,187488.27
2019,JAWA TENGAH,Kab. Kebumen,406.54,148386.62
2022,JAWA TENGAH,Kab. Kebumen,463.05,169013.4
2023,JAWA TENGAH,Kab. Kebumen,483.19,176363.85
2019,JAWA TENGAH,Kab. Purworejo,287.33,104874.14
2020,JAWA TENGAH,Kab. Purworejo,288.07,105146.86
2021,JAWA TENGAH,Kab. Purworejo,288.82,105420.18
2022,JAWA TENGAH,Kab. Purworejo,289.57,105694.22
2023,JAWA TENGAH,Kab. Purworejo,321.73,117432.91
2024,JAWA TENGAH,Kab. Purworejo,323.12,117937.34
2019,JAWA TENGAH,Kab. Wonosobo,316.2,115411.69
2020,JAWA TENGAH,Kab. Wonosobo,351.65,128352.1
2021,JAWA TENGAH,Kab. Wonosobo,363.0,132496.46
2022,JAWA TENGAH,Kab. Wonosobo,366.25,133682.56
2023,JAWA TENGAH,Kab. Wonosobo,363.87,132810.94
2020,JAWA TENGAH,Kab. Magelang,680.91,248530.33
2021,JAWA TENGAH,Kab. Magelang,681.65,248800.43
2023,JAWA TENGAH,Kab. Magelang,662.38,241767.97
2024,JAWA TENGAH,Kab. Magelang,668.71,244077.51
2019,JAWA TENGAH,Kab. Boyolali,265.9,97052.73
2020,JAWA TENGAH,Kab. Boyolali,287.93,105094.61
2021,JAWA TENGAH,Kab. Boyolali,290.85,106159.34
2022,JAWA TENGAH,Kab. Boyolali,292.55,106781.29
2023,JAWA TENGAH,Kab. Boyolali,296.91,108373.66
2024,JAWA TENGAH,Kab. Boyolali,299.79,109424.6
2019,JAWA TENGAH,Kab. Klaten,352.5,128660.97
2021,JAWA TENGAH,Kab. Klaten,590.3,215458.83
2022,JAWA TENGAH,Kab. Klaten,643.02,234703.44
2023,JAWA TENGAH,Kab. Klaten,649.45,237050.7
2024,JAWA TENGAH,Kab. Klaten,653.97,238699.57
2019,JAWA TENGAH,Kab. Sukoharjo,365.85,133536.71
2020,JAWA TENGAH,Kab. Sukoharjo,364.01,132863.5
2021,JAWA TENGAH,Kab. Sukoharjo,359.45,131200.56
2022,JAWA TENGAH,Kab. Sukoharjo,361.92,132101.09
2023,JAWA TENGAH,Kab. Sukoharjo,364.7,133114.77
2024,JAWA TENGAH,Kab. Sukoharjo,366.59,133804.91
2019,JAWA TENGAH,Kab. Wonogiri,436.6,159359.58
2020,JAWA TENGAH,Kab. Wonogiri,437.44,159663.85
2021,JAWA TENGAH,Kab. Wonogiri,439.37,160369.61
2022,JAWA TENGAH,Kab. Wonogiri,347.72,126917.85
2023,JAWA TENGAH,Kab. Wonogiri,350.68,127999.02
2024,JAWA TENGAH,Kab. Wonogiri,348.4,127166.54
2021,JAWA TENGAH,Kab. Karanganyar,361.84,132071.89
2022,JAWA TENGAH,Kab. Karanganyar,375.52,137065.97
2023,JAWA TENGAH,Kab. Karanganyar,380.31,138814.32
2024,JAWA TENGAH,Kab. Karanganyar,382.05,139446.94
2019,JAWA TENGAH,Kab. Sragen,532.73,194447.69
2020,JAWA TENGAH,Kab. Sragen,534.31,195023.44
2021,JAWA TENGAH,Kab. Sragen,586.17,213952.27
2022,JAWA TENGAH,Kab. Sragen,590.18,215417.38
2023,JAWA TENGAH,Kab. Sragen,595.35,217301.22
2024,JAWA TENGAH,Kab. Sragen,598.49,218449.22
2019,JAWA TENGAH,Kab. Grobogan,739.14,269785.74
2022,JAWA TENGAH,Kab. Grobogan,849.37,310021.75
2023,JAWA TENGAH,Kab. Grobogan,863.15,315050.32
2024,JAWA TENGAH,Kab. Grobogan,865.25,315817.2
2020,JAWA TENGAH,Kab. Blora,371.42,135568.25
2021,JAWA TENGAH,Kab. Blora,226.85,82801.58
2022,JAWA TENGAH,Kab. Blora,383.05,139811.75
2023,JAWA TENGAH,Kab. Blora,387.49,141433.02
2021,JAWA TENGAH,Kab. Rembang,245.66,89666.36
2022,JAWA TENGAH,Kab. Rembang,252.13,92026.0
2023,JAWA TENGAH,Kab. Rembang,254.16,92770.06
2024,JAWA TENGAH,Kab. Rembang,266.2,97163.15
2019,JAWA TENGAH,Kab. Pati,501.32,182981.65
2020,JAWA TENGAH,Kab. Pati,654.96,239060.58
2021,JAWA TENGAH,Kab. Pati,662.09,241664.31
2022,JAWA TENGAH,Kab. Pati,674.59,246223.89
2023,JAWA TENGAH,Kab. Pati,687.93,251092.63
2024,JAWA TENGAH,Kab. Pati,679.68,248083.93
2019,JAWA TENGAH,Kab. Kudus,435.84,159083.24
2020,JAWA TENGAH,Kab. Kudus,440.89,160924.12
2022,JAWA TENGAH,Kab. Kudus,448.16,163578.95
2023,JAWA TENGAH,Kab. Kudus,435.78,159061.34
2024,JAWA TENGAH,Kab. Kudus,438.91,160202.33
2019,JAWA TENGAH,Kab. Jepara,687.87,251072.2
2020,JAWA TENGAH,Kab. Jepara,697.04,254418.3
2021,JAWA TENGAH,Kab. Jepara,400.08,146028.4
2022,JAWA TENGAH,Kab. Jepara,412.37,150516.42
2023,JAWA TENGAH,Kab. Jepara,423.48,154571.51
2024,JAWA TENGAH,Kab. Jepara,432.65,157915.99
2021,JAWA TENGAH,Kab. Demak,722.37,263666.36
2022,JAWA TENGAH,Kab. Demak,722.37,263666.36
2023,JAWA TENGAH,Kab. Demak,733.93,267884.52
2024,JAWA TENGAH,Kab. Demak,626.49,228667.03
2019,JAWA TENGAH,Kab. Semarang,526.9,192320.0
2020,JAWA TENGAH,Kab. Semarang,533.4,194690.09
2021,JAWA TENGAH,Kab. Semarang,526.55,192189.0
2022,JAWA TENGAH,Kab. Semarang,529.92,193421.53
2023,JAWA TENGAH,Kab. Semarang,533.16,194601.94
2024,JAWA TENGAH,Kab. Semarang,538.96,196718.94
2020,JAWA TENGAH,Kab. Temanggung,496.28,181143.8
2021,JAWA TENGAH,Kab. Temanggung,500.17,182562.96
2022,JAWA TENGAH,Kab. Temanggung,400.14,146050.37
2023,JAWA TENGAH,Kab. Temanggung,403.72,147357.8
2024,JAWA TENGAH,Kab. Temanggung,405.9,148153.14
2019,JAWA TENGAH,Kab. Kendal,404.78,147743.09
2020,JAWA TENGAH,Kab. Kendal,407.4,148701.73
2022,JAWA TENGAH,Kab. Kendal,410.01,149652.92
2023,JAWA TENGAH,Kab. Kendal,421.36,153796.4
2024,JAWA TENGAH,Kab. Kendal,437.22,159584.72
2019,JAWA TENGAH,Kab. Batang,230.57,84159.84
2020,JAWA TENGAH,Kab. Batang,240.52,87788.12
2021,JAWA TENGAH,Kab. Batang,324.16,118317.38
2022,JAWA TENGAH,Kab. Batang,567.28,207055.41
2021,JAWA TENGAH,Kab. Pekalongan,387.53,141447.87
2022,JAWA TENGAH,Kab. Pekalongan,390.6,142569.58
2023,JAWA TENGAH,Kab. Pekalongan,394.58,144022.43
2024,JAWA TENGAH,Kab. Pekalongan,402.95,147078.06
2019,JAWA TENGAH,Kab. Pemalang,390.84,142657.91
2020,JAWA TENGAH,Kab. Pemalang,391.7,142970.65
2021,JAWA TENGAH,Kab. Pemalang,588.6,214837.39
2022,JAWA TENGAH,Kab. Pemalang,593.68,216694.51
2023,JAWA TENGAH,Kab. Pemalang,600.3,219110.08
2020,JAWA TENGAH,Kab. Tegal,1018.57,371778.31
2021,JAWA TENGAH,Kab. Tegal,670.74,244819.49
2022,JAWA TENGAH,Kab. Tegal,839.63,306466.23
2023,JAWA TENGAH,Kab. Tegal,604.09,220493.69
2024,JAWA TENGAH,Kab. Tegal,661.94,241609.56
2019,JAWA TENGAH,Kab. Brebes,904.55,330160.02
2020,JAWA TENGAH,Kab. Brebes,989.38,361123.52
2021,JAWA TENGAH,Kab. Brebes,983.19,358865.26
2022,JAWA TENGAH,Kab. Brebes,1005.31,366937.6
2023,JAWA TENGAH,Kab. Brebes,1005.31,366937.6
2024,JAWA TENGAH,Kab. Brebes,1021.54,372861.55
2019,JAWA TENGAH,Kota Magelang,85.39,31168.96
2020,JAWA TENGAH,Kota Magelang,89.61,32709.11
2021,JAWA TENGAH,Kota Magelang,80.68,29447.93
2022,JAWA TENGAH,Kota Magelang,80.51,29384.62
2023,JAWA TENGAH,Kota Magelang,80.55,29400.33
2024,JAWA TENGAH,Kota Magelang,80.86,29515.1
2022,JAWA TENGAH,Kota Surakarta,376.29,137345.45
2023,JAWA TENGAH,Kota Surakarta,419.11,152974.67
2024,JAWA TENGAH,Kota Surakarta,420.17,153360.91
2020,JAWA TENGAH,Kota Salatiga,114.03,41620.01
2021,JAWA TENGAH,Kota Salatiga,112.24,40969.24
2022,JAWA TENGAH,Kota Salatiga,114.16,41668.28
2023,JAWA TENGAH,Kota Salatiga,116.43,42496.23
2024,JAWA TENGAH,Kota Salatiga,115.06,41995.35
2019,JAWA TENGAH,Kota Semarang,1251.71,456873.35
2020,JAWA TENGAH,Kota Semarang,1276.74,466010.79
2021,JAWA TENGAH,Kota Semarang,1180.14,430749.75
2022,JAWA TENGAH,Kota Semarang,1181.06,431085.22
2023,JAWA TENGAH,Kota Semarang,1182.29,431534.65
2024,JAWA TENGAH,Kota Semarang,1189.71,434243.97
2021,JAWA TENGAH,Kota Tegal,201.57,73573.52
2022,JAWA TENGAH,Kota Tegal,217.44,79365.97
2023,JAWA TENGAH,Kota Tegal,187.13,68300.63
2019,JAWA TIMUR,Kab. Pacitan,284.83,103962.36
2020,JAWA TIMUR,Kab. Pacitan,285.78,104308.04
2021,JAWA TIMUR,Kab. Pacitan,286.73,104654.83
2022,JAWA TIMUR,Kab. Pacitan,287.67,104999.96
2023,JAWA TIMUR,Kab. Pacitan,288.62,105345.64
2024,JAWA TIMUR,Kab. Pacitan,304.67,111204.15
2020,JAWA TIMUR,Kab. Ponorogo,349.13,127432.45
2021,JAWA TIMUR,Kab. Ponorogo,387.78,141540.58
2022,JAWA TIMUR,Kab. Ponorogo,382.34,139552.64
2023,JAWA TIMUR,Kab. Ponorogo,385.7,140780.94
2024,JAWA TIMUR,Kab. Ponorogo,383.8,140087.0
2019,JAWA TIMUR,Kab. Trenggalek,307.01,112059.38
2020,JAWA TIMUR,Kab. Trenggalek,300.1,109536.65
2021,JAWA TIMUR,Kab. Trenggalek,293.96,107293.65
2022,JAWA TIMUR,Kab. Trenggalek,305.48,111498.74
2023,JAWA TIMUR,Kab. Trenggalek,300.43,109657.53
2024,JAWA TIMUR,Kab. Trenggalek,302.44,110391.91
2019,JAWA TIMUR,Kab. Tulungagung,519.51,189621.88
2021,JAWA TIMUR,Kab. Tulungagung,548.3,200127.68
2022,JAWA TIMUR,Kab. Tulungagung,553.83,202148.86
2023,JAWA TIMUR,Kab. Tulungagung,558.98,204028.8
2024,JAWA TIMUR,Kab. Tulungagung,450.4,164395.27
2019,JAWA TIMUR,Kab. Blitar,415.61,151697.14
2020,JAWA TIMUR,Kab. Blitar,422.57,154237.67
2021,JAWA TIMUR,Kab. Blitar,409.93,149623.83
2022,JAWA TIMUR,Kab. Blitar,409.06,149305.6
2023,JAWA TIMUR,Kab. Blitar,413.67,150990.1
2024,JAWA TIMUR,Kab. Blitar,417.0,152206.64
2019,JAWA TIMUR,Kab. Kediri,505.94,184669.09
2021,JAWA TIMUR,Kab. Kediri,533.82,194845.76
2022,JAWA TIMUR,Kab. Kediri,657.76,240082.4
2023,JAWA TIMUR,Kab. Kediri,662.41,241778.92
2024,JAWA TIMUR,Kab. Kediri,673.78,245930.28
2019,JAWA TIMUR,Kab. Malang,1042.48,380505.78
2022,JAWA TIMUR,Kab. Malang,960.59,350614.09
2023,JAWA TIMUR,Kab. Malang,966.92,352927.26
2024,JAWA TIMUR,Kab. Malang,976.0,356238.93
2019,JAWA TIMUR,Kab. Lumajang,500.35,182629.01
2020,JAWA TIMUR,Kab. Lumajang,501.46,183033.37
2021,JAWA TIMUR,Kab. Lumajang,501.5,183048.96
2022,JAWA TIMUR,Kab. Lumajang,524.51,191446.12
2023,JAWA TIMUR,Kab. Lumajang,535.0,195275.12
2024,JAWA TIMUR,Kab. Lumajang,545.7,199180.68
2022,JAWA TIMUR,Kab. Jember,1014.69,370362.43
2023,JAWA TIMUR,Kab. Jember,1033.69,377298.02
2024,JAWA TIMUR,Kab. Jember,835.52,304964.95
2019,JAWA TIMUR,Kab. Banyuwangi,1221.97,446019.96
2021,JAWA TIMUR,Kab. Banyuwangi,1252.87,457297.22
2022,JAWA TIMUR,Kab. Banyuwangi,813.91,297078.45
2023,JAWA TIMUR,Kab. Banyuwangi,836.47,305312.85
2024,JAWA TIMUR,Kab. Banyuwangi,839.1,306270.96
2019,JAWA TIMUR,Kab. Bondowoso,285.75,104298.71
2020,JAWA TIMUR,Kab. Bondowoso,287.18,104819.19
2024,JAWA TIMUR,Kab. Bondowoso,315.2,115049.02
2019,JAWA TIMUR,Kab. Situbondo,256.12,93482.61
2020,JAWA TIMUR,Kab. Situbondo,259.36,94665.76
2021,JAWA TIMUR,Kab. Situbondo,257.17,93865.59
2022,JAWA TIMUR,Kab. Situbondo,257.24,93891.73
2023,JAWA TIMUR,Kab. Situbondo,252.41,92130.84
2024,JAWA TIMUR,Kab. Situbondo,256.63,93669.45
2019,JAWA TIMUR,Kab. Probolinggo,466.12,170133.51
2020,JAWA TIMUR,Kab. Probolinggo,458.45,167335.13
2024,JAWA TIMUR,Kab. Probolinggo,465.54,169923.41
2019,JAWA TIMUR,Kab. Pasuruan,1152.06,420500.88
2024,JAWA TIMUR,Kab. Pasuruan,671.39,245057.2
2019,JAWA TIMUR,Kab. Sidoarjo,1223.93,446733.65
2020,JAWA TIMUR,Kab. Sidoarjo,1086.24,396476.9
2023,JAWA TIMUR,Kab. Sidoarjo,878.6,320690.1
2024,JAWA TIMUR,Kab. Sidoarjo,878.6,320690.1
2022,JAWA TIMUR,Kab. Mojokerto,461.16,168322.61
2023,JAWA TIMUR,Kab. Mojokerto,473.93,172984.0
2024,JAWA TIMUR,Kab. Mojokerto,449.64,164117.17
2020,JAWA TIMUR,Kab. Jombang,527.22,192437.05
2021,JAWA TIMUR,Kab. Jombang,530.37,193583.44
2022,JAWA TIMUR,Kab. Jombang,530.37,193583.44
2023,JAWA TIMUR,Kab. Jombang,530.37,193583.44
2024,JAWA TIMUR,Kab. Jombang,530.37,193583.44
2019,JAWA TIMUR,Kab. Nganjuk,421.84,153973.21
2020,JAWA TIMUR,Kab. Nganjuk,422.94,154373.54
2021,JAWA TIMUR,Kab. Nganjuk,443.87,162013.72
2022,JAWA TIMUR,Kab. Nganjuk,444.13,162107.74
2023,JAWA TIMUR,Kab. Nganjuk,446.81,163086.82
2024,JAWA TIMUR,Kab. Nganjuk,457.8,167098.17
2019,JAWA TIMUR,Kab. Madiun,273.07,99671.28
2022,JAWA TIMUR,Kab. Madiun,300.06,109520.88
2023,JAWA TIMUR,Kab. Madiun,299.04,109147.99
2024,JAWA TIMUR,Kab. Madiun,295.69,107927.58
2020,JAWA TIMUR,Kab. Magetan,279.3,101944.5
2021,JAWA TIMUR,Kab. Magetan,268.32,97938.55
2022,JAWA TIMUR,Kab. Magetan,275.75,100647.87
2023,JAWA TIMUR,Kab. Magetan,275.96,100725.11
2024,JAWA TIMUR,Kab. Magetan,276.65,100976.23
2019,JAWA TIMUR,Kab. Ngawi,365.42,133378.74
2020,JAWA TIMUR,Kab. Ngawi,366.52,133778.92
2021,JAWA TIMUR,Kab. Ngawi,356.72,130204.03
2022,JAWA TIMUR,Kab. Ngawi,358.07,130696.23
2023,JAWA TIMUR,Kab. Ngawi,370.68,135297.67
2024,JAWA TIMUR,Kab. Ngawi,371.87,135732.55
2019,JAWA TIMUR,Kab. Bojonegoro,508.74,185688.35
2021,JAWA TIMUR,Kab. Bojonegoro,536.5,195823.81
2022,JAWA TIMUR,Kab. Bojonegoro,376.09,137271.36
2023,JAWA TIMUR,Kab. Bojonegoro,366.14,133639.42
2024,JAWA TIMUR,Kab. Bojonegoro,368.03,134329.37
2019,JAWA TIMUR,Kab. Tuban,490.92,179184.71
2020,JAWA TIMUR,Kab. Tuban,493.13,179991.08
2021,JAWA TIMUR,Kab. Tuban,503.17,183655.24
2022,JAWA TIMUR,Kab. Tuban,505.31,184439.37
2023,JAWA TIMUR,Kab. Tuban,508.01,185422.94
2024,JAWA TIMUR,Kab. Tuban,528.51,192907.81
2021,JAWA TIMUR,Kab. Lamongan,221.94,81008.1
2022,JAWA TIMUR,Kab. Lamongan,228.06,83240.85
2023,JAWA TIMUR,Kab. Lamongan,552.57,201686.44
2024,JAWA TIMUR,Kab. Lamongan,554.33,202331.91
2019,JAWA TIMUR,Kab. Gresik,324.55,118459.29
2020,JAWA TIMUR,Kab. Gresik,327.8,119648.37
2022,JAWA TIMUR,Kab. Gresik,391.33,142835.43
2023,JAWA TIMUR,Kab. Gresik,395.17,144238.33
2024,JAWA TIMUR,Kab. Gresik,402.23,146814.53
2022,JAWA TIMUR,Kab. Bangkalan,415.72,151736.05
2023,JAWA TIMUR,Kab. Bangkalan,417.15,152259.02
2024,JAWA TIMUR,Kab. Bangkalan,417.67,152450.43
2022,JAWA TIMUR,Kab. Sampang,464.41,169511.29
2023,JAWA TIMUR,Kab. Sampang,464.41,169511.29
2024,JAWA TIMUR,Kab. Sampang,464.41,169511.29
2019,JAWA TIMUR,Kab. Pamekasan,269.33,98305.05
2020,JAWA TIMUR,Kab. Pamekasan,272.19,99350.12
2021,JAWA TIMUR,Kab. Pamekasan,276.6,100957.25
2022,JAWA TIMUR,Kab. Pamekasan,277.1,101140.55
2023,JAWA TIMUR,Kab. Pamekasan,277.14,101156.1
2024,JAWA TIMUR,Kab. Pamekasan,280.74,102470.1
2019,JAWA TIMUR,Kab. Sumenep,360.2,131473.99
2020,JAWA TIMUR,Kab. Sumenep,363.8,132788.73
2021,JAWA TIMUR,Kab. Sumenep,367.44,134116.61
2022,JAWA TIMUR,Kab. Sumenep,362.19,132197.86
2023,JAWA TIMUR,Kab. Sumenep,367.44,134116.66
2024,JAWA TIMUR,Kab. Sumenep,364.55,133059.91
2019,JAWA TIMUR,Kota Kediri,147.48,53828.38
2020,JAWA TIMUR,Kota Kediri,150.93,55091.09
2021,JAWA TIMUR,Kota Kediri,169.35,61812.13
2022,JAWA TIMUR,Kota Kediri,178.59,65183.7
2023,JAWA TIMUR,Kota Kediri,173.87,63461.92
2024,JAWA TIMUR,Kota Kediri,182.28,66532.27
2019,JAWA TIMUR,Kota Blitar,70.94,25892.37
2020,JAWA TIMUR,Kota Blitar,74.57,27219.69
2021,JAWA TIMUR,Kota Blitar,75.19,27442.53
2022,JAWA TIMUR,Kota Blitar,75.98,27732.7
2023,JAWA TIMUR,Kota Blitar,76.68,27988.2
2024,JAWA TIMUR,Kota Blitar,77.44,28263.78
2019,JAWA TIMUR,Kota Malang,670.47,244720.24
2020,JAWA TIMUR,Kota Malang,677.78,247389.19
2021,JAWA TIMUR,Kota Malang,677.78,247388.97
2022,JAWA TIMUR,Kota Malang,764.79,279148.37
2023,JAWA TIMUR,Kota Malang,778.34,284095.41
2024,JAWA TIMUR,Kota Malang,731.24,266901.57
2019,JAWA TIMUR,Kota Probolinggo,94.08,34340.81
2020,JAWA TIMUR,Kota Probolinggo,95.75,34949.48
2021,JAWA TIMUR,Kota Probolinggo,96.57,35247.76
2022,JAWA TIMUR,Kota Probolinggo,97.16,35465.15
2023,JAWA TIMUR,Kota Probolinggo,97.82,35705.61
2024,JAWA TIMUR,Kota Probolinggo,121.87,44483.65
2019,JAWA TIMUR,Kota Pasuruan,131.28,47915.72
2020,JAWA TIMUR,Kota Pasuruan,132.59,48394.73
2021,JAWA TIMUR,Kota Pasuruan,135.2,49349.42
2022,JAWA TIMUR,Kota Pasuruan,146.02,53297.25
2023,JAWA TIMUR,Kota Pasuruan,147.48,53830.17
2024,JAWA TIMUR,Kota Pasuruan,148.87,54335.88
2019,JAWA TIMUR,Kota Mojokerto,64.73,23627.73
2020,JAWA TIMUR,Kota Mojokerto,65.18,23790.34
2022,JAWA TIMUR,Kota Mojokerto,66.91,24420.33
2023,JAWA TIMUR,Kota Mojokerto,98.31,35882.93
2024,JAWA TIMUR,Kota Mojokerto,99.25,36226.07
2019,JAWA TIMUR,Kota Madiun,116.77,42622.24
2020,JAWA TIMUR,Kota Madiun,118.17,43133.55
2021,JAWA TIMUR,Kota Madiun,119.71,43695.25
2022,JAWA TIMUR,Kota Madiun,121.15,44219.8
2023,JAWA TIMUR,Kota Madiun,122.6,44750.39
2024,JAWA TIMUR,Kota Madiun,124.08,45287.39
2019,JAWA TIMUR,Kota Surabaya,2224.27,811860.24
2020,JAWA TIMUR,Kota Surabaya,2222.62,811255.1
2021,JAWA TIMUR,Kota Surabaya,1782.51,650614.62
2022,JAWA TIMUR,Kota Surabaya,1783.68,651043.42
2023,JAWA TIMUR,Kota Surabaya,1800.05,657016.64
2024,JAWA TIMUR,Kota Surabaya,1810.81,660946.82
2019,JAWA TIMUR,Kota Batu,116.32,42457.19
2021,JAWA TIMUR,Kota Batu,114.42,41762.47
2022,JAWA TIMUR,Kota Batu,135.23,49359.46
2023,JAWA TIMUR,Kota Batu,142.64,52062.68
2024,JAWA TIMUR,Kota Batu,144.96,52910.59
2019,KALIMANTAN BARAT,Kab. Sambas,271.6,99133.09
2020,KALIMANTAN BARAT,Kab. Sambas,274.47,100182.28
2021,KALIMANTAN BARAT,Kab. Sambas,277.38,101244.25
2022,KALIMANTAN BARAT,Kab. Sambas,318.12,116112.0
2023,KALIMANTAN BARAT,Kab. Sambas,322.09,117563.03
2019,KALIMANTAN BARAT,Kab. Mempawah,70.27,25650.2
2020,KALIMANTAN BARAT,Kab. Mempawah,71.91,26248.5
2021,KALIMANTAN BARAT,Kab. Mempawah,82.24,30015.96
2022,KALIMANTAN BARAT,Kab. Mempawah,84.03,30669.65
2023,KALIMANTAN BARAT,Kab. Mempawah,84.3,30769.28
2024,KALIMANTAN BARAT,Kab. Mempawah,83.56,30500.63
2019,KALIMANTAN BARAT,Kab. Sanggau,235.11,85815.88
2020,KALIMANTAN BARAT,Kab. Sanggau,238.73,87137.36
2021,KALIMANTAN BARAT,Kab. Sanggau,242.41,88479.29
2022,KALIMANTAN BARAT,Kab. Sanggau,246.14,89841.83
2023,KALIMANTAN BARAT,Kab. Sanggau,249.93,91225.36
2024,KALIMANTAN BARAT,Kab. Sanggau,253.78,92630.43
2019,KALIMANTAN BARAT,Kab. Ketapang,254.86,93023.35
2020,KALIMANTAN BARAT,Kab. Ketapang,258.91,94503.79
2022,KALIMANTAN BARAT,Kab. Ketapang,295.76,107953.41
2023,KALIMANTAN BARAT,Kab. Ketapang,295.05,107693.92
2023,KALIMANTAN BARAT,Kab. Sintang,354.22,129290.13
2019,KALIMANTAN BARAT,Kab. Kapuas Hulu,131.6,48035.28
2022,KALIMANTAN BARAT,Kab. Kapuas Hulu,133.33,48663.81
2023,KALIMANTAN BARAT,Kab. Kapuas Hulu,134.42,49063.3
2024,KALIMANTAN BARAT,Kab. Kapuas Hulu,137.46,50171.99
2019,KALIMANTAN BARAT,Kab. Bengkayang,101.84,37172.18
2023,KALIMANTAN BARAT,Kab. Bengkayang,118.74,43340.83
2024,KALIMANTAN BARAT,Kab. Bengkayang,119.59,43650.93
2023,KALIMANTAN BARAT,Kab. Landak,163.83,59797.95
2024,KALIMANTAN BARAT,Kab. Landak,163.83,59797.95
2023,KALIMANTAN BARAT,Kab. Sekadau,88.53,32314.62
2020,KALIMANTAN BARAT,Kab. Melawi,93.66,34184.59
2021,KALIMANTAN BARAT,Kab. Melawi,83.63,30524.07
2023,KALIMANTAN BARAT,Kab. Melawi,85.33,31145.01
2024,KALIMANTAN BARAT,Kab. Melawi,87.04,31769.6
2023,KALIMANTAN BARAT,Kab. Kayong Utara,65.55,23926.48
2024,KALIMANTAN BARAT,Kab. Kayong Utara,67.54,24653.38
2023,KALIMANTAN BARAT,Kab. Kubu Raya,434.09,158442.19
2024,KALIMANTAN BARAT,Kab. Kubu Raya,443.06,161718.47
2019,KALIMANTAN BARAT,Kota Pontianak,380.57,138907.1
2020,KALIMANTAN BARAT,Kota Pontianak,385.82,140823.35
2021,KALIMANTAN BARAT,Kota Pontianak,396.3,144651.25
2022,KALIMANTAN BARAT,Kota Pontianak,401.54,146560.71
2023,KALIMANTAN BARAT,Kota Pontianak,441.88,161286.82
2024,KALIMANTAN BARAT,Kota Pontianak,411.96,150366.28
2020,KALIMANTAN BARAT,Kota Singkawang,113.24,41331.69
2021,KALIMANTAN BARAT,Kota Singkawang,117.53,42899.18
2022,KALIMANTAN BARAT,Kota Singkawang,93.97,34297.93
2023,KALIMANTAN BARAT,Kota Singkawang,95.38,34813.5
2024,KALIMANTAN BARAT,Kota Singkawang,97.21,35483.2
2019,KALIMANTAN SELATAN,Kab. Tanah Laut,133.77,48827.22
2021,KALIMANTAN SELATAN,Kab. Tanah Laut,141.74,51733.64
2022,KALIMANTAN SELATAN,Kab. Tanah Laut,141.94,51807.37
2024,KALIMANTAN SELATAN,Kab. Tanah Laut,145.65,53161.08
2019,KALIMANTAN SELATAN,Kab. Kotabaru,137.88,50327.66
2021,KALIMANTAN SELATAN,Kab. Kotabaru,130.25,47540.81
2022,KALIMANTAN SELATAN,Kab. Kotabaru,181.22,66143.51
2023,KALIMANTAN SELATAN,Kab. Kotabaru,183.79,67082.22
2024,KALIMANTAN SELATAN,Kab. Kotabaru,181.3,66175.43
2021,KALIMANTAN SELATAN,Kab. Banjar,407.66,148795.8
2022,KALIMANTAN SELATAN,Kab. Banjar,356.47,130110.41
2023,KALIMANTAN SELATAN,Kab. Banjar,362.56,132335.31
2024,KALIMANTAN SELATAN,Kab. Banjar,365.43,133381.04
2019,KALIMANTAN SELATAN,Kab. Barito Kuala,91.27,33315.16
2020,KALIMANTAN SELATAN,Kab. Barito Kuala,93.1,33981.46
2021,KALIMANTAN SELATAN,Kab. Barito Kuala,94.96,34660.04
2022,KALIMANTAN SELATAN,Kab. Barito Kuala,96.38,35179.83
2023,KALIMANTAN SELATAN,Kab. Barito Kuala,98.8,36061.31
2024,KALIMANTAN SELATAN,Kab. Barito Kuala,100.28,36602.13
2019,KALIMANTAN SELATAN,Kab. Tapin,75.3,27486.25
2020,KALIMANTAN SELATAN,Kab. Tapin,76.81,28035.94
2021,KALIMANTAN SELATAN,Kab. Tapin,80.49,29379.14
2022,KALIMANTAN SELATAN,Kab. Tapin,82.1,29966.79
2023,KALIMANTAN SELATAN,Kab. Tapin,83.74,30566.12
2024,KALIMANTAN SELATAN,Kab. Tapin,79.16,28892.38
2019,KALIMANTAN SELATAN,Kab. Hulu Sungai Selatan,93.06,33966.61
2020,KALIMANTAN SELATAN,Kab. Hulu Sungai Selatan,94.18,34374.09
2021,KALIMANTAN SELATAN,Kab. Hulu Sungai Selatan,96.01,35042.92
2022,KALIMANTAN SELATAN,Kab. Hulu Sungai Selatan,96.79,35330.1
2023,KALIMANTAN SELATAN,Kab. Hulu Sungai Selatan,97.28,35506.76
2024,KALIMANTAN SELATAN,Kab. Hulu Sungai Selatan,97.6,35624.29
2019,KALIMANTAN SELATAN,Kab. Hulu Sungai Tengah,107.87,39372.11
2020,KALIMANTAN SELATAN,Kab. Hulu Sungai Tengah,109.15,39840.63
2021,KALIMANTAN SELATAN,Kab. Hulu Sungai Tengah,103.49,37773.27
2022,KALIMANTAN SELATAN,Kab. Hulu Sungai Tengah,104.3,38070.08
2023,KALIMANTAN SELATAN,Kab. Hulu Sungai Tengah,105.22,38406.91
2024,KALIMANTAN SELATAN,Kab. Hulu Sungai Tengah,134.18,48975.7
2019,KALIMANTAN SELATAN,Kab. Hulu Sungai Utara,95.32,34793.55
2020,KALIMANTAN SELATAN,Kab. Hulu Sungai Utara,96.66,35280.75
2021,KALIMANTAN SELATAN,Kab. Hulu Sungai Utara,96.66,35280.75
2022,KALIMANTAN SELATAN,Kab. Hulu Sungai Utara,92.52,33768.34
2023,KALIMANTAN SELATAN,Kab. Hulu Sungai Utara,92.89,33905.0
2024,KALIMANTAN SELATAN,Kab. Hulu Sungai Utara,94.82,34609.15
2020,KALIMANTAN SELATAN,Kab. Tabalong,98.97,36123.17
2021,KALIMANTAN SELATAN,Kab. Tabalong,101.32,36982.53
2022,KALIMANTAN SELATAN,Kab. Tabalong,102.76,37507.84
2023,KALIMANTAN SELATAN,Kab. Tabalong,117.61,42926.74
2024,KALIMANTAN SELATAN,Kab. Tabalong,118.06,43092.79
2019,KALIMANTAN SELATAN,Kab. Tanah Bumbu,180.08,65730.48
2021,KALIMANTAN SELATAN,Kab. Tanah Bumbu,164.35,59986.29
2022,KALIMANTAN SELATAN,Kab. Tanah Bumbu,166.42,60743.48
2023,KALIMANTAN SELATAN,Kab. Tanah Bumbu,171.87,62732.73
2024,KALIMANTAN SELATAN,Kab. Tanah Bumbu,175.66,64117.18
2019,KALIMANTAN SELATAN,Kab. Balangan,52.74,19248.64
2020,KALIMANTAN SELATAN,Kab. Balangan,56.8,20733.57
2021,KALIMANTAN SELATAN,Kab. Balangan,56.0,20440.98
2022,KALIMANTAN SELATAN,Kab. Balangan,56.37,20576.25
2023,KALIMANTAN SELATAN,Kab. Balangan,58.02,21178.29
2024,KALIMANTAN SELATAN,Kab. Balangan,58.77,21452.55
2019,KALIMANTAN SELATAN,Kota Banjarmasin,496.02,181048.83
2020,KALIMANTAN SELATAN,Kota Banjarmasin,496.0,181041.17
2021,KALIMANTAN SELATAN,Kota Banjarmasin,506.45,184856.04
2022,KALIMANTAN SELATAN,Kota Banjarmasin,467.24,170543.44
2023,KALIMANTAN SELATAN,Kota Banjarmasin,466.51,170275.42
2024,KALIMANTAN SELATAN,Kota Banjarmasin,475.75,173647.25
2019,KALIMANTAN SELATAN,Kota Banjarbaru,165.51,60412.23
2020,KALIMANTAN SELATAN,Kota Banjarbaru,147.12,53699.76
2021,KALIMANTAN SELATAN,Kota Banjarbaru,164.71,60120.18
2022,KALIMANTAN SELATAN,Kota Banjarbaru,183.78,67079.71
2023,KALIMANTAN SELATAN,Kota Banjarbaru,185.9,67854.41
2019,KALIMANTAN TENGAH,Kab. Kotawaringin Barat,121.63,44395.97
2020,KALIMANTAN TENGAH,Kab. Kotawaringin Barat,125.16,45685.01
2022,KALIMANTAN TENGAH,Kab. Kotawaringin Barat,136.27,49736.91
2023,KALIMANTAN TENGAH,Kab. Kotawaringin Barat,137.47,50175.64
2024,KALIMANTAN TENGAH,Kab. Kotawaringin Barat,139.87,51052.55
2019,KALIMANTAN TENGAH,Kab. Kotawaringin Timur,251.98,91971.2
2020,KALIMANTAN TENGAH,Kab. Kotawaringin Timur,257.77,94086.47
2023,KALIMANTAN TENGAH,Kab. Kotawaringin Timur,237.97,86858.62
2024,KALIMANTAN TENGAH,Kab. Kotawaringin Timur,239.41,87386.26
2019,KALIMANTAN TENGAH,Kab. Kapuas,178.19,65039.72
2020,KALIMANTAN TENGAH,Kab. Kapuas,207.81,75850.29
2021,KALIMANTAN TENGAH,Kab. Kapuas,205.2,74898.0
2022,KALIMANTAN TENGAH,Kab. Kapuas,211.61,77235.83
2023,KALIMANTAN TENGAH,Kab. Kapuas,213.72,78008.17
2024,KALIMANTAN TENGAH,Kab. Kapuas,212.59,77596.45
2022,KALIMANTAN TENGAH,Kab. Barito Selatan,66.96,24439.67
2023,KALIMANTAN TENGAH,Kab. Barito Selatan,66.96,24439.67
2024,KALIMANTAN TENGAH,Kab. Barito Selatan,67.98,24813.8
2019,KALIMANTAN TENGAH,Kab. Barito Utara,52.29,19084.1
2020,KALIMANTAN TENGAH,Kab. Barito Utara,52.29,19084.1
2021,KALIMANTAN TENGAH,Kab. Barito Utara,63.37,23129.61
2022,KALIMANTAN TENGAH,Kab. Barito Utara,61.93,22603.87
2023,KALIMANTAN TENGAH,Kab. Barito Utara,65.3,23833.48
2019,KALIMANTAN TENGAH,Kab. Katingan,44.19,16128.9
2020,KALIMANTAN TENGAH,Kab. Katingan,45.42,16579.09
2023,KALIMANTAN TENGAH,Kab. Katingan,65.6,23942.39
2024,KALIMANTAN TENGAH,Kab. Katingan,67.73,24722.91
2021,KALIMANTAN TENGAH,Kab. Seruyan,81.46,29731.08
2022,KALIMANTAN TENGAH,Kab. Seruyan,82.19,29999.35
2023,KALIMANTAN TENGAH,Kab. Seruyan,83.04,30308.14
2024,KALIMANTAN TENGAH,Kab. Seruyan,85.65,31262.98
2019,KALIMANTAN TENGAH,Kab. Sukamara,25.74,9393.93
2020,KALIMANTAN TENGAH,Kab. Sukamara,25.83,9426.64
2023,KALIMANTAN TENGAH,Kab. Sukamara,25.22,9203.69
2024,KALIMANTAN TENGAH,Kab. Sukamara,25.77,9406.93
2021,KALIMANTAN TENGAH,Kab. Gunung Mas,101.55,37065.75
2022,KALIMANTAN TENGAH,Kab. Gunung Mas,101.53,37058.36
2023,KALIMANTAN TENGAH,Kab. Gunung Mas,98.38,35908.88
2024,KALIMANTAN TENGAH,Kab. Gunung Mas,98.38,35908.88
2019,KALIMANTAN TENGAH,Kab. Pulang Pisau,63.33,23114.9
2020,KALIMANTAN TENGAH,Kab. Pulang Pisau,63.56,23199.04
2021,KALIMANTAN TENGAH,Kab. Pulang Pisau,67.25,24546.07
2022,KALIMANTAN TENGAH,Kab. Pulang Pisau,67.67,24698.82
2023,KALIMANTAN TENGAH,Kab. Pulang Pisau,68.11,24860.33
2024,KALIMANTAN TENGAH,Kab. Pulang Pisau,69.1,25221.5
2022,KALIMANTAN TENGAH,Kab. Murung Raya,55.73,20339.81
2023,KALIMANTAN TENGAH,Kab. Murung Raya,57.08,20835.48
2020,KALIMANTAN TENGAH,Kab. Barito Timur,45.29,16531.43
2021,KALIMANTAN TENGAH,Kab. Barito Timur,46.51,16977.76
2022,KALIMANTAN TENGAH,Kab. Barito Timur,46.02,16798.32
2023,KALIMANTAN TENGAH,Kab. Barito Timur,46.16,16849.28
2024,KALIMANTAN TENGAH,Kab. Barito Timur,46.92,17127.55
2019,KALIMANTAN TENGAH,Kota Palangkaraya,140.24,51188.7
2020,KALIMANTAN TENGAH,Kota Palangkaraya,144.03,52570.77
2021,KALIMANTAN TENGAH,Kota Palangkaraya,147.92,53990.25
2022,KALIMANTAN TENGAH,Kota Palangkaraya,151.91,55448.06
2023,KALIMANTAN TENGAH,Kota Palangkaraya,156.01,56945.11
2024,KALIMANTAN TENGAH,Kota Palangkaraya,160.25,58491.25
2019,KALIMANTAN TIMUR,Kab. Paser,114.61,41831.34
2020,KALIMANTAN TIMUR,Kab. Paser,108.57,39628.93
2021,KALIMANTAN TIMUR,Kab. Paser,115.29,42080.85
2022,KALIMANTAN TIMUR,Kab. Paser,118.63,43300.97
2023,KALIMANTAN TIMUR,Kab. Paser,121.37,44299.9
2024,KALIMANTAN TIMUR,Kab. Paser,126.96,46341.67
2019,KALIMANTAN TIMUR,Kab. Kutai Kartanegara,207.83,75858.97
2020,KALIMANTAN TIMUR,Kab. Kutai Kartanegara,211.55,77215.9
2021,KALIMANTAN TIMUR,Kab. Kutai Kartanegara,222.59,81243.53
2022,KALIMANTAN TIMUR,Kab. Kutai Kartanegara,313.77,114524.75
2023,KALIMANTAN TIMUR,Kab. Kutai Kartanegara,320.88,117121.18
2024,KALIMANTAN TIMUR,Kab. Kutai Kartanegara,372.77,136061.62
2019,KALIMANTAN TIMUR,Kab. Berau,161.76,59040.68
2022,KALIMANTAN TIMUR,Kab. Berau,136.44,49801.88
2023,KALIMANTAN TIMUR,Kab. Berau,140.5,51282.14
2024,KALIMANTAN TIMUR,Kab. Berau,149.5,54568.41
2022,KALIMANTAN TIMUR,Kab. Kutai Barat,70.24,25639.06
2023,KALIMANTAN TIMUR,Kab. Kutai Barat,70.8,25843.02
2024,KALIMANTAN TIMUR,Kab. Kutai Barat,74.63,27240.83
2019,KALIMANTAN TIMUR,Kab. Kutai Timur,211.93,77355.18
2021,KALIMANTAN TIMUR,Kab. Kutai Timur,212.22,77461.58
2022,KALIMANTAN TIMUR,Kab. Kutai Timur,212.81,77674.37
2023,KALIMANTAN TIMUR,Kab. Kutai Timur,212.89,77706.13
2024,KALIMANTAN TIMUR,Kab. Kutai Timur,224.43,81915.13
2019,KALIMANTAN TIMUR,Kab. Penajam Paser Utara,107.91,39386.69
2020,KALIMANTAN TIMUR,Kab. Penajam Paser Utara,109.29,39889.94
2021,KALIMANTAN TIMUR,Kab. Penajam Paser Utara,92.51,33766.52
2022,KALIMANTAN TIMUR,Kab. Penajam Paser Utara,95.98,35033.98
2023,KALIMANTAN TIMUR,Kab. Penajam Paser Utara,98.28,35873.3
2024,KALIMANTAN TIMUR,Kab. Penajam Paser Utara,101.03,36877.23
2022,KALIMANTAN TIMUR,Kab. Mahakam Ulu,15.3,5584.64
2023,KALIMANTAN TIMUR,Kab. Mahakam Ulu,17.91,6538.11
2024,KALIMANTAN TIMUR,Kab. Mahakam Ulu,18.87,6888.69
2019,KALIMANTAN TIMUR,Kota Balikpapan,458.62,167397.98
2020,KALIMANTAN TIMUR,Kota Balikpapan,481.82,175865.25
2021,KALIMANTAN TIMUR,Kota Balikpapan,497.21,181479.86
2022,KALIMANTAN TIMUR,Kota Balikpapan,514.73,187875.03
2023,KALIMANTAN TIMUR,Kota Balikpapan,528.87,193038.43
2024,KALIMANTAN TIMUR,Kota Balikpapan,540.69,197352.8
2019,KALIMANTAN TIMUR,Kota Samarinda,610.94,222992.22
2020,KALIMANTAN TIMUR,Kota Samarinda,620.76,226578.93
2021,KALIMANTAN TIMUR,Kota Samarinda,581.85,212376.71
2022,KALIMANTAN TIMUR,Kota Samarinda,587.25,214347.89
2023,KALIMANTAN TIMUR,Kota Samarinda,599.45,218799.98
2019,KALIMANTAN TIMUR,Kota Bontang,101.71,37122.72
2020,KALIMANTAN TIMUR,Kota Bontang,103.48,37769.85
2021,KALIMANTAN TIMUR,Kota Bontang,103.82,37894.33
2022,KALIMANTAN TIMUR,Kota Bontang,104.24,38046.4
2023,KALIMANTAN TIMUR,Kota Bontang,106.38,38829.46
2024,KALIMANTAN TIMUR,Kota Bontang,107.41,39206.17
2022,KALIMANTAN UTARA,Kab. Bulungan,64.61,23583.79
2023,KALIMANTAN UTARA,Kab. Bulungan,116.74,42611.01
2024,KALIMANTAN UTARA,Kab. Bulungan,84.06,30681.17
2019,KALIMANTAN UTARA,Kab. Nunukan,44.14,16110.07
2020,KALIMANTAN UTARA,Kab. Nunukan,46.01,16794.78
2021,KALIMANTAN UTARA,Kab. Nunukan,41.81,15260.25
2022,KALIMANTAN UTARA,Kab. Nunukan,42.68,15576.81
2023,KALIMANTAN UTARA,Kab. Nunukan,43.74,15966.42
2024,KALIMANTAN UTARA,Kab. Nunukan,45.76,16703.8
2021,KALIMANTAN UTARA,Kab. Tana Tidung,13.24,4832.89
2022,KALIMANTAN UTARA,Kab. Tana Tidung,14.19,5177.89
2023,KALIMANTAN UTARA,Kab. Tana Tidung,14.34,5234.83
2024,KALIMANTAN UTARA,Kab. Tana Tidung,11.72,4276.49
2019,KALIMANTAN UTARA,Kota Tarakan,154.3,56319.12
2020,KALIMANTAN UTARA,Kota Tarakan,175.13,63924.05
2020,KEPULAUAN BANGKA BELITUNG,Kab. Bangka,128.62,46947.32
2021,KEPULAUAN BANGKA BELITUNG,Kab. Bangka,130.51,47634.69
2022,KEPULAUAN BANGKA BELITUNG,Kab. Bangka,133.74,48814.22
2023,KEPULAUAN BANGKA BELITUNG,Kab. Bangka,136.41,49790.53
2020,KEPULAUAN BANGKA BELITUNG,Kab. Belitung,70.99,25910.91
2021,KEPULAUAN BANGKA BELITUNG,Kab. Belitung,72.69,26533.31
2022,KEPULAUAN BANGKA BELITUNG,Kab. Belitung,73.6,26864.58
2023,KEPULAUAN BANGKA BELITUNG,Kab. Belitung,75.08,27405.95
2024,KEPULAUAN BANGKA BELITUNG,Kab. Belitung,95.75,34947.66
2019,KEPULAUAN BANGKA BELITUNG,Kab. Bangka Selatan,85.69,31275.97
2021,KEPULAUAN BANGKA BELITUNG,Kab. Bangka Selatan,80.13,29247.45
2022,KEPULAUAN BANGKA BELITUNG,Kab. Bangka Selatan,82.1,29966.94
2023,KEPULAUAN BANGKA BELITUNG,Kab. Bangka Selatan,84.14,30710.22
2024,KEPULAUAN BANGKA BELITUNG,Kab. Bangka Selatan,86.43,31547.53
2019,KEPULAUAN BANGKA BELITUNG,Kab. Bangka Tengah,78.64,28704.62
2020,KEPULAUAN BANGKA BELITUNG,Kab. Bangka Tengah,79.89,29160.14
2021,KEPULAUAN BANGKA BELITUNG,Kab. Bangka Tengah,81.17,29627.05
2022,KEPULAUAN BANGKA BELITUNG,Kab. Bangka Tengah,82.36,30061.11
2023,KEPULAUAN BANGKA BELITUNG,Kab. Bangka Tengah,83.85,30604.52
2024,KEPULAUAN BANGKA BELITUNG,Kab. Bangka Tengah,113.73,41510.84
2020,KEPULAUAN BANGKA BELITUNG,Kab. Bangka Barat,79.61,29058.53
2023,KEPULAUAN BANGKA BELITUNG,Kab. Bangka Barat,83.92,30629.49
2024,KEPULAUAN BANGKA BELITUNG,Kab. Bangka Barat,85.77,31306.49
2020,KEPULAUAN BANGKA BELITUNG,Kab. Belitung Timur,50.47,18421.99
2022,KEPULAUAN BANGKA BELITUNG,Kab. Belitung Timur,50.92,18585.22
2023,KEPULAUAN BANGKA BELITUNG,Kab. Belitung Timur,52.52,19169.36
2024,KEPULAUAN BANGKA BELITUNG,Kab. Belitung Timur,52.85,19289.67
2019,KEPULAUAN BANGKA BELITUNG,Kota Pangkal Pinang,145.15,52978.44
2020,KEPULAUAN BANGKA BELITUNG,Kota Pangkal Pinang,151.83,55416.16
2021,KEPULAUAN BANGKA BELITUNG,Kota Pangkal Pinang,160.0,58399.38
2020,KEPULAUAN RIAU,Kab. Bintan,53.42,19499.65
2021,KEPULAUAN RIAU,Kab. Bintan,55.69,20326.42
2022,KEPULAUAN RIAU,Kab. Bintan,55.92,20409.89
2023,KEPULAUAN RIAU,Kab. Bintan,55.92,20409.89
2024,KEPULAUAN RIAU,Kab. Bintan,57.15,20858.45
2019,KEPULAUAN RIAU,Kab. Karimun,175.36,64005.56
2020,KEPULAUAN RIAU,Kab. Karimun,177.2,64677.53
2021,KEPULAUAN RIAU,Kab. Karimun,181.62,66289.99
2022,KEPULAUAN RIAU,Kab. Karimun,186.32,68008.22
2023,KEPULAUAN RIAU,Kab. Karimun,182.42,66583.3
2024,KEPULAUAN RIAU,Kab. Karimun,184.34,67284.39
2019,KEPULAUAN RIAU,Kab. Natuna,30.4,11096.86
2020,KEPULAUAN RIAU,Kab. Natuna,31.14,11366.74
2022,KEPULAUAN RIAU,Kab. Natuna,34.18,12475.12
2023,KEPULAUAN RIAU,Kab. Natuna,34.87,12725.8
2024,KEPULAUAN RIAU,Kab. Natuna,33.61,12266.48
2019,KEPULAUAN RIAU,Kab. Lingga,27.28,9958.48
2020,KEPULAUAN RIAU,Kab. Lingga,27.83,10157.55
2022,KEPULAUAN RIAU,Kab. Lingga,28.43,10376.55
2019,KEPULAUAN RIAU,Kab. Kepulauan Anambas,12.73,4645.98
2020,KEPULAUAN RIAU,Kab. Kepulauan Anambas,12.88,4702.7
2022,KEPULAUAN RIAU,Kab. Kepulauan Anambas,13.2,4818.0
2023,KEPULAUAN RIAU,Kab. Kepulauan Anambas,13.36,4876.8
2019,KEPULAUAN RIAU,Kota Batam,1332.39,486321.91
2020,KEPULAUAN RIAU,Kota Batam,837.48,305679.18
2022,KEPULAUAN RIAU,Kota Batam,1132.77,413461.6
2023,KEPULAUAN RIAU,Kota Batam,1159.05,423054.13
2019,KEPULAUAN RIAU,Kota Tanjung Pinang,143.53,52387.65
2020,KEPULAUAN RIAU,Kota Tanjung Pinang,147.98,54013.05
2021,KEPULAUAN RIAU,Kota Tanjung Pinang,151.69,55366.32
2022,KEPULAUAN RIAU,Kota Tanjung Pinang,155.91,56905.36
2023,KEPULAUAN RIAU,Kota Tanjung Pinang,152.65,55715.79
2024,KEPULAUAN RIAU,Kota Tanjung Pinang,155.97,56930.51
2023,LAMPUNG,Kab. Lampung Selatan,766.57,279799.58
2023,LAMPUNG,Kab. Lampung Tengah,690.0,251850.93
2024,LAMPUNG,Kab. Lampung Utara,254.05,92728.83
2019,LAMPUNG,Kab. Lampung Barat,121.28,44266.32
2020,LAMPUNG,Kab. Lampung Barat,122.76,44805.94
2023,LAMPUNG,Kab. Tulang Bawang,173.43,63300.93
2024,LAMPUNG,Kab. Tulang Bawang,173.43,63301.22
2021,LAMPUNG,Kab. Tanggamus,245.98,89783.28
2022,LAMPUNG,Kab. Tanggamus,365.62,133452.35
2023,LAMPUNG,Kab. Tanggamus,369.64,134920.35
2024,LAMPUNG,Kab. Tanggamus,373.71,136404.5
2023,LAMPUNG,Kab. Lampung Timur,568.72,207581.71
2024,LAMPUNG,Kab. Lampung Timur,571.29,208521.22
2019,LAMPUNG,Kab. Way Kanan,180.55,65902.21
2021,LAMPUNG,Kab. Way Kanan,191.88,70036.49
2022,LAMPUNG,Kab. Way Kanan,192.02,70086.13
2023,LAMPUNG,Kab. Way Kanan,193.55,70647.06
2024,LAMPUNG,Kab. Way Kanan,195.91,71506.86
2020,LAMPUNG,Kab. Pesawaran,179.36,65467.86
2023,LAMPUNG,Kab. Pesawaran,194.27,70907.97
2024,LAMPUNG,Kab. Pesawaran,172.96,63131.88
2019,LAMPUNG,Kab. Pringsewu,158.89,57993.97
2021,LAMPUNG,Kab. Pringsewu,162.73,59396.16
2022,LAMPUNG,Kab. Pringsewu,162.73,59396.16
2023,LAMPUNG,Kab. Pringsewu,163.37,59628.59
2024,LAMPUNG,Kab. Pringsewu,174.89,63834.41
2022,LAMPUNG,Kab. Tulang Bawang Barat,114.49,41787.68
2023,LAMPUNG,Kab. Tulang Bawang Barat,115.85,42284.52
2023,LAMPUNG,Kab. Pesisir Barat,65.93,24063.14
2024,LAMPUNG,Kab. Pesisir Barat,69.48,25360.2
2019,LAMPUNG,Kota Bandar Lampung,683.48,249468.38
2020,LAMPUNG,Kota Bandar Lampung,757.94,276649.16
2021,LAMPUNG,Kota Bandar Lampung,770.22,281129.15
2022,LAMPUNG,Kota Bandar Lampung,786.46,287057.55
2023,LAMPUNG,Kota Bandar Lampung,786.46,287058.27
2024,LAMPUNG,Kota Bandar Lampung,770.14,281100.84
2022,LAMPUNG,Kota Metro,104.45,38125.71
2023,LAMPUNG,Kota Metro,105.67,38568.31
2021,MALUKU,Kab. Maluku Tengah,170.32,62165.92
2022,MALUKU,Kab. Maluku Tengah,169.89,62010.58
2023,MALUKU,Kab. Maluku Tengah,151.21,55191.9
2019,MALUKU,Kab. Maluku Tenggara,49.8,18175.36
2023,MALUKU,Kab. Maluku Tenggara,49.99,18245.33
2023,MALUKU,Kab. Kepulauan Tanimbar,52.55,19179.73
2023,MALUKU,Kab. Buru,60.03,21909.36
2024,MALUKU,Kab. Buru,64.58,23572.5
2023,MALUKU,Kab. Seram Bagian Barat,85.99,31386.93
2024,MALUKU,Kab. Seram Bagian Barat,86.96,31738.79
2023,MALUKU,Kab. Kepulauan Aru,43.53,15889.76
2024,MALUKU,Kab. Kepulauan Aru,45.01,16429.53
2024,MALUKU,Kab. Maluku Barat Daya,37.51,13689.84
2019,MALUKU,Kab. Buru Selatan,30.63,11179.95
2020,MALUKU,Kab. Buru Selatan,30.79,11238.06
2021,MALUKU,Kab. Buru Selatan,30.95,11296.6
2022,MALUKU,Kab. Buru Selatan,31.11,11355.3
2019,MALUKU,Kota Ambon,268.89,98145.73
2020,MALUKU,Kota Ambon,270.56,98753.56
2023,MALUKU,Kota Ambon,246.74,90061.2
2024,MALUKU,Kota Ambon,247.84,90460.29
2021,MALUKU,Kota Tual,53.73,19611.92
2023,MALUKU,Kota Tual,59.88,21857.51
2023,MALUKU UTARA,Kab. Halmahera Tengah,48.49,17698.3
2019,MALUKU UTARA,Kab. Halmahera Utara,137.44,50166.15
2020,MALUKU UTARA,Kab. Halmahera Utara,138.35,50496.51
2022,MALUKU UTARA,Kab. Halmahera Utara,138.35,50497.02
2023,MALUKU UTARA,Kab. Halmahera Selatan,102.15,37286.06
2023,MALUKU UTARA,Kab. Kepulauan Sula,50.2,18321.36
2023,MALUKU UTARA,Kab. Halmahera Timur,53.84,19652.42
2024,MALUKU UTARA,Kab. Halmahera Timur,53.84,19652.42
2023,MALUKU UTARA,Kab. Pulau Morotai,32.74,11951.56
2023,MALUKU UTARA,Kab. Pulau Taliabu,32.6,11900.46
2019,MALUKU UTARA,Kota Ternate,72.29,26384.69
2019,MALUKU UTARA,Kota Tidore Kepulauan,45.39,16568.81
2020,MALUKU UTARA,Kota Tidore Kepulauan,45.9,16753.21
2021,MALUKU UTARA,Kota Tidore Kepulauan,46.12,16834.53
2022,MALUKU UTARA,Kota Tidore Kepulauan,46.31,16904.46
2023,MALUKU UTARA,Kota Tidore Kepulauan,47.45,17317.5
2022,NUSA TENGGARA BARAT,Kab. Lombok Barat,288.59,105336.08
2023,NUSA TENGGARA BARAT,Kab. Lombok Barat,297.72,108669.11
2024,NUSA TENGGARA BARAT,Kab. Lombok Barat,301.46,110031.59
2022,NUSA TENGGARA BARAT,Kab. Lombok Tengah,419.9,153263.5
2023,NUSA TENGGARA BARAT,Kab. Lombok Tengah,427.07,155881.57
2019,NUSA TENGGARA BARAT,Kab. Lombok Timur,480.24,175289.35
2020,NUSA TENGGARA BARAT,Kab. Lombok Timur,483.44,176454.72
2021,NUSA TENGGARA BARAT,Kab. Lombok Timur,483.44,176454.72
2022,NUSA TENGGARA BARAT,Kab. Lombok Timur,537.56,196209.55
2021,NUSA TENGGARA BARAT,Kab. Sumbawa,259.46,94704.18
2022,NUSA TENGGARA BARAT,Kab. Sumbawa,259.78,94820.43
2023,NUSA TENGGARA BARAT,Kab. Sumbawa,260.93,95239.63
2022,NUSA TENGGARA BARAT,Kab. Bima,276.99,101102.08
2024,NUSA TENGGARA BARAT,Kab. Sumbawa Barat,62.09,22664.31
2019,NUSA TENGGARA BARAT,Kab. Lombok Utara,72.12,26322.3
2020,NUSA TENGGARA BARAT,Kab. Lombok Utara,73.33,26765.44
2022,NUSA TENGGARA BARAT,Kab. Lombok Utara,102.59,37446.08
2024,NUSA TENGGARA BARAT,Kab. Lombok Utara,108.79,39708.06
2021,NUSA TENGGARA BARAT,Kota Mataram,263.98,96354.09
2022,NUSA TENGGARA BARAT,Kota Mataram,264.21,96436.87
2023,NUSA TENGGARA BARAT,Kota Mataram,271.69,99165.83
2022,NUSA TENGGARA BARAT,Kota Bima,82.71,30189.37
2023,NUSA TENGGARA TIMUR,Kab. Kupang,154.89,56533.68
2024,NUSA TENGGARA TIMUR,Kab. Kupang,156.08,56970.66
2023,NUSA TENGGARA TIMUR,Kab. Timor Tengah Utara,107.23,39137.78
2024,NUSA TENGGARA TIMUR,Kab. Timor Tengah Utara,109.64,40019.18
2023,NUSA TENGGARA TIMUR,Kab. Belu,115.5,42158.96
2021,NUSA TENGGARA TIMUR,Kab. Alor,116.53,42533.3
2023,NUSA TENGGARA TIMUR,Kab. Flores Timur,202.57,73936.59
2024,NUSA TENGGARA TIMUR,Kab. Flores Timur,208.07,75944.82
2023,NUSA TENGGARA TIMUR,Kab. Sikka,134.14,48962.56
2023,NUSA TENGGARA TIMUR,Kab. Ngada,117.18,42769.68
2024,NUSA TENGGARA TIMUR,Kab. Ngada,120.07,43825.66
2024,NUSA TENGGARA TIMUR,Kab. Manggarai,149.38,54522.82
2023,NUSA TENGGARA TIMUR,Kab. Sumba Timur,59.71,21792.78
2024,NUSA TENGGARA TIMUR,Kab. Sumba Timur,59.71,21792.78
2023,NUSA TENGGARA TIMUR,Kab. Lembata,88.37,32254.82
2024,NUSA TENGGARA TIMUR,Kab. Lembata,71.17,25975.96
2022,NUSA TENGGARA TIMUR,Kab. Rote Ndao,133.75,48819.44
2023,NUSA TENGGARA TIMUR,Kab. Rote Ndao,133.75,48819.44
2024,NUSA TENGGARA TIMUR,Kab. Rote Ndao,59.52,21726.41
2021,NUSA TENGGARA TIMUR,Kab. Manggarai Barat,82.18,29995.84
2022,NUSA TENGGARA TIMUR,Kab. Manggarai Barat,84.86,30972.44
2023,NUSA TENGGARA TIMUR,Kab. Manggarai Barat,111.27,40614.86
2023,NUSA TENGGARA TIMUR,Kab. Nagekeo,66.79,24377.33
2024,NUSA TENGGARA TIMUR,Kab. Nagekeo,65.78,24010.72
2020,NUSA TENGGARA TIMUR,Kab. Sumba Tengah,25.64,9360.28
2023,NUSA TENGGARA TIMUR,Kab. Sumba Tengah,27.14,9907.78
2024,NUSA TENGGARA TIMUR,Kab. Sumba Tengah,36.19,13210.37
2023,NUSA TENGGARA TIMUR,Kab. Sumba Barat Daya,128.83,47022.66
2024,NUSA TENGGARA TIMUR,Kab. Sumba Barat Daya,161.04,58778.32
2024,NUSA TENGGARA TIMUR,Kab. Manggarai Timur,99.86,36449.48
2024,NUSA TENGGARA TIMUR,Kab. Sabu Raijua,37.91,13838.9
2023,NUSA TENGGARA TIMUR,Kab. Malaka,78.82,28769.88
2024,NUSA TENGGARA TIMUR,Kab. Malaka,76.4,27885.12
2020,NUSA TENGGARA TIMUR,Kota Kupang,217.49,79382.39
2021,NUSA TENGGARA TIMUR,Kota Kupang,221.38,80803.34
2022,NUSA TENGGARA TIMUR,Kota Kupang,227.93,83192.63
2023,NUSA TENGGARA TIMUR,Kota Kupang,234.46,85576.62
2024,NUSA TENGGARA TIMUR,Kota Kupang,233.32,85160.34
2021,PAPUA,Kab. Jayapura,84.24,30746.87
2022,PAPUA,Kab. Jayapura,85.92,31360.25
2023,PAPUA,Kab. Jayapura,101.28,36967.38
2024,PAPUA,Kab. Jayapura,101.89,37188.39
2022,PAPUA,Kab. Kepulauan Yapen,45.97,16779.78
2023,PAPUA,Kab. Kepulauan Yapen,46.44,16951.62
2024,PAPUA,Kab. Kepulauan Yapen,46.44,16951.62
2019,PAPUA,Kab. Biak Numfor,58.17,21232.05
2020,PAPUA,Kab. Biak Numfor,58.38,21308.99
2021,PAPUA,Kab. Biak Numfor,58.42,21323.59
2022,PAPUA,Kab. Biak Numfor,58.72,21434.55
2023,PAPUA,Kab. Biak Numfor,58.72,21434.55
2022,PAPUA,Kab. Sarmi,16.74,6109.95
2023,PAPUA,Kab. Sarmi,16.84,6146.6
2024,PAPUA,Kab. Sarmi,17.0,6205.0
2020,PAPUA,Kab. Keerom,25.49,9305.16
2021,PAPUA,Kab. Keerom,26.13,9536.28
2022,PAPUA,Kab. Keerom,26.35,9619.5
2023,PAPUA,Kab. Keerom,26.56,9694.55
2024,PAPUA,Kab. Keerom,25.4,9271.0
2022,PAPUA,Kab. Waropen,14.48,5285.2
2019,PAPUA,Kota Jayapura,252.63,92211.7
2020,PAPUA,Kota Jayapura,253.27,92442.31
2021,PAPUA,Kota Jayapura,217.8,79496.56
2022,PAPUA,Kota Jayapura,217.89,79528.32
2023,PAPUA,Kota Jayapura,241.87,88282.84
2018,PAPUA BARAT,Kab. Manokwari,150.22,54830.04
2020,PAPUA BARAT,Kab. Manokwari,156.67,57182.95
2021,PAPUA BARAT,Kab. Manokwari,160.02,58405.66
2022,PAPUA BARAT,Kab. Manokwari,163.36,59627.83
2023,PAPUA BARAT,Kab. Manokwari,180.41,65849.34
2024,PAPUA BARAT,Kab. Manokwari,210.0,76650.0
2023,PAPUA BARAT,Kab. Fak Fak,35.55,12976.48
2022,PAPUA BARAT,Kab. Teluk Wondama,18.35,6697.17
2023,PAPUA BARAT,Kab. Teluk Wondama,17.5,6386.92
2024,PAPUA BARAT,Kab. Teluk Wondama,17.81,6501.96
2022,PAPUA BARAT,Kab. Kaimana,25.45,9290.42
2023,PAPUA BARAT,Kab. Kaimana,25.71,9382.69
2022,PAPUA BARAT DAYA,Kab. Sorong,49.76,18162.69
2023,PAPUA BARAT DAYA,Kab. Sorong,50.38,18388.55
2024,PAPUA BARAT DAYA,Kab. Sorong,51.99,18974.6
2020,PAPUA BARAT DAYA,Kab. Sorong Selatan,21.72,7929.55
2021,PAPUA BARAT DAYA,Kab. Sorong Selatan,22.38,8167.39
2023,PAPUA BARAT DAYA,Kab. Sorong Selatan,20.78,7586.31
2019,PAPUA BARAT DAYA,Kab. Raja Ampat,33.13,12090.99
2020,PAPUA BARAT DAYA,Kab. Raja Ampat,33.13,12090.99
2023,PAPUA BARAT DAYA,Kab. Raja Ampat,27.11,9893.4
2021,PAPUA BARAT DAYA,Kab. Tambrauw,11.35,4143.33
2023,PAPUA BARAT DAYA,Kota Sorong,147.49,53833.49
2023,PAPUA PEGUNUNGAN,Kab. Jayawijaya,113.0,41244.56
2021,PAPUA PEGUNUNGAN,Kab. Lanny Jaya,80.78,29483.24
2022,PAPUA SELATAN,Kab. Merauke,92.94,33924.12
2022,PAPUA SELATAN,Kab. Boven Digoel,26.08,9518.18
2023,PAPUA SELATAN,Kab. Boven Digoel,26.08,9518.18
2019,PAPUA SELATAN,Kab. Asmat,39.0,14233.54
2020,PAPUA SELATAN,Kab. Asmat,44.04,16075.33
2021,PAPUA SELATAN,Kab. Asmat,44.65,16298.27
2022,PAPUA SELATAN,Kab. Asmat,45.41,16574.5
2023,PAPUA SELATAN,Kab. Asmat,46.48,16965.2
2024,PAPUA SELATAN,Kab. Asmat,47.41,17305.38
2021,PAPUA TENGAH,Kab. Nabire,67.65,24693.86
2022,PAPUA TENGAH,Kab. Mimika,158.2,57742.09
2023,PAPUA TENGAH,Kab. Mimika,156.51,57125.42
2024,PAPUA TENGAH,Kab. Mimika,159.34,58160.01
2023,PAPUA TENGAH,Kab. Dogiyai,47.13,17201.43
2019,RIAU,Kab. Kampar,344.98,125917.12
2020,RIAU,Kab. Kampar,351.88,128435.47
2022,RIAU,Kab. Indragiri Hulu,181.3,66173.19
2023,RIAU,Kab. Indragiri Hulu,185.63,67755.68
2023,RIAU,Kab. Bengkalis,260.59,95114.96
2024,RIAU,Kab. Bengkalis,261.14,95314.82
2020,RIAU,Kab. Indragiri Hilir,299.93,109472.7
2021,RIAU,Kab. Indragiri Hilir,460.62,168125.39
2019,RIAU,Kab. Pelalawan,148.14,54072.27
2020,RIAU,Kab. Pelalawan,151.12,55158.8
2022,RIAU,Kab. Rokan Hulu,363.33,132613.76
2023,RIAU,Kab. Rokan Hulu,377.35,137732.69
2024,RIAU,Kab. Rokan Hulu,282.75,103202.06
2019,RIAU,Kab. Rokan Hilir,500.79,182786.74
2022,RIAU,Kab. Rokan Hilir,333.1,121580.59
2023,RIAU,Kab. Rokan Hilir,339.39,123878.45
2019,RIAU,Kab. Siak,186.17,67950.44
2021,RIAU,Kab. Siak,191.07,69739.82
2022,RIAU,Kab. Siak,186.67,68135.72
2023,RIAU,Kab. Siak,191.02,69722.3
2024,RIAU,Kab. Siak,192.07,70104.67
2020,RIAU,Kab. Kuantan Singingi,133.66,48784.73
2022,RIAU,Kab. Kuantan Singingi,139.18,50800.55
2023,RIAU,Kab. Kuantan Singingi,140.71,51360.76
2024,RIAU,Kab. Kuantan Singingi,146.4,53434.39
2019,RIAU,Kota Pekanbaru,1036.51,378324.91
2020,RIAU,Kota Pekanbaru,1097.15,400461.54
2021,RIAU,Kota Pekanbaru,967.49,353133.89
2022,RIAU,Kota Pekanbaru,976.72,356503.31
2023,RIAU,Kota Pekanbaru,1011.01,369019.82
2024,RIAU,Kota Pekanbaru,1011.01,369019.82
2020,RIAU,Kota Dumai,159.91,58368.43
2021,RIAU,Kota Dumai,161.73,59029.99
2022,RIAU,Kota Dumai,165.92,60559.34
2023,RIAU,Kota Dumai,170.16,62106.58
2024,RIAU,Kota Dumai,171.77,62696.6
2019,SULAWESI BARAT,Kab. Pasangkayu,69.59,25399.33
2020,SULAWESI BARAT,Kab. Pasangkayu,71.4,26062.17
2023,SULAWESI BARAT,Kab. Mamuju,142.81,52124.92
2024,SULAWESI BARAT,Kab. Mamuju,146.2,53362.09
2019,SULAWESI BARAT,Kab. Polewali Mandar,177.03,64616.1
2020,SULAWESI BARAT,Kab. Polewali Mandar,179.15,65391.5
2021,SULAWESI BARAT,Kab. Majene,69.76,25463.42
2022,SULAWESI BARAT,Kab. Majene,70.96,25898.94
2023,SULAWESI BARAT,Kab. Majene,70.96,25898.94
2024,SULAWESI BARAT,Kab. Majene,90.68,33098.2
2021,SULAWESI BARAT,Kab. Mamuju Tengah,62.64,22864.48
2022,SULAWESI BARAT,Kab. Mamuju Tengah,54.95,20057.48
2023,SULAWESI BARAT,Kab. Mamuju Tengah,56.01,20444.09
2019,SULAWESI SELATAN,Kab. Kepulauan Selayar,67.81,24751.38
2020,SULAWESI SELATAN,Kab. Kepulauan Selayar,68.54,25015.46
2021,SULAWESI SELATAN,Kab. Kepulauan Selayar,56.13,20488.47
2022,SULAWESI SELATAN,Kab. Kepulauan Selayar,55.19,20144.2
2023,SULAWESI SELATAN,Kab. Kepulauan Selayar,56.35,20568.63
2024,SULAWESI SELATAN,Kab. Kepulauan Selayar,56.84,20746.6
2019,SULAWESI SELATAN,Kab. Bulukumba,168.6,61538.12
2020,SULAWESI SELATAN,Kab. Bulukumba,171.97,62768.76
2021,SULAWESI SELATAN,Kab. Bulukumba,173.94,63488.39
2022,SULAWESI SELATAN,Kab. Bulukumba,178.92,65304.63
2023,SULAWESI SELATAN,Kab. Bulukumba,182.5,66610.75
2024,SULAWESI SELATAN,Kab. Bulukumba,186.15,67943.0
2019,SULAWESI SELATAN,Kab. Bantaeng,74.64,27245.35
2020,SULAWESI SELATAN,Kab. Bantaeng,80.45,29362.79
2021,SULAWESI SELATAN,Kab. Bantaeng,80.68,29446.45
2022,SULAWESI SELATAN,Kab. Bantaeng,80.99,29562.37
2023,SULAWESI SELATAN,Kab. Bantaeng,83.23,30377.78
2024,SULAWESI SELATAN,Kab. Bantaeng,84.65,30896.96
2021,SULAWESI SELATAN,Kab. Jeneponto,160.64,58635.06
2022,SULAWESI SELATAN,Kab. Jeneponto,162.2,59204.17
2023,SULAWESI SELATAN,Kab. Jeneponto,166.18,60657.45
2024,SULAWESI SELATAN,Kab. Jeneponto,168.05,61337.96
2023,SULAWESI SELATAN,Kab. Takalar,130.42,47602.42
2023,SULAWESI SELATAN,Kab. Gowa,400.0,145999.82
2019,SULAWESI SELATAN,Kab. Sinjai,106.37,38825.34
2021,SULAWESI SELATAN,Kab. Sinjai,108.31,39534.76
2022,SULAWESI SELATAN,Kab. Sinjai,107.73,39319.84
2023,SULAWESI SELATAN,Kab. Sinjai,109.42,39939.61
2019,SULAWESI SELATAN,Kab. Bone,376.2,137311.91
2020,SULAWESI SELATAN,Kab. Bone,382.78,139714.88
2021,SULAWESI SELATAN,Kab. Bone,403.38,147231.88
2022,SULAWESI SELATAN,Kab. Bone,405.8,148115.18
2023,SULAWESI SELATAN,Kab. Bone,407.59,148771.81
2024,SULAWESI SELATAN,Kab. Bone,410.26,149743.08
2019,SULAWESI SELATAN,Kab. Maros,141.25,51555.67
2020,SULAWESI SELATAN,Kab. Maros,155.02,56583.91
2021,SULAWESI SELATAN,Kab. Maros,158.77,57950.9
2022,SULAWESI SELATAN,Kab. Maros,161.51,58951.0
2023,SULAWESI SELATAN,Kab. Maros,164.28,59962.05
2024,SULAWESI SELATAN,Kab. Maros,165.44,60385.6
2019,SULAWESI SELATAN,Kab. Pangkajene dan Kepulauan,140.08,51130.37
2020,SULAWESI SELATAN,Kab. Pangkajene dan Kepulauan,141.48,51641.66
2021,SULAWESI SELATAN,Kab. Pangkajene dan Kepulauan,138.31,50483.15
2022,SULAWESI SELATAN,Kab. Pangkajene dan Kepulauan,141.18,51530.55
2023,SULAWESI SELATAN,Kab. Pangkajene dan Kepulauan,142.0,51830.44
2024,SULAWESI SELATAN,Kab. Pangkajene dan Kepulauan,144.72,52821.49
2019,SULAWESI SELATAN,Kab. Barru,72.95,26626.46
2021,SULAWESI SELATAN,Kab. Barru,75.95,27722.04
2022,SULAWESI SELATAN,Kab. Barru,76.21,27817.23
2023,SULAWESI SELATAN,Kab. Barru,77.82,28403.28
2024,SULAWESI SELATAN,Kab. Barru,78.53,28664.91
2020,SULAWESI SELATAN,Kab. Soppeng,95.76,34951.09
2021,SULAWESI SELATAN,Kab. Soppeng,95.09,34707.12
2022,SULAWESI SELATAN,Kab. Soppeng,94.23,34393.8
2023,SULAWESI SELATAN,Kab. Soppeng,94.42,34463.15
2024,SULAWESI SELATAN,Kab. Soppeng,96.38,35179.43
2019,SULAWESI SELATAN,Kab. Wajo,158.72,57934.26
2020,SULAWESI SELATAN,Kab. Wajo,159.13,58080.84
2021,SULAWESI SELATAN,Kab. Wajo,151.64,55348.6
2022,SULAWESI SELATAN,Kab. Wajo,151.86,55428.46
2023,SULAWESI SELATAN,Kab. Wajo,163.09,59528.58
2019,SULAWESI SELATAN,Kab. Sidenreng Rappang,120.79,44087.91
2020,SULAWESI SELATAN,Kab. Sidenreng Rappang,132.41,48328.34
2021,SULAWESI SELATAN,Kab. Sidenreng Rappang,128.0,46718.54
2022,SULAWESI SELATAN,Kab. Sidenreng Rappang,129.28,47186.32
2023,SULAWESI SELATAN,Kab. Sidenreng Rappang,130.97,47802.74
2024,SULAWESI SELATAN,Kab. Sidenreng Rappang,132.3,48288.33
2021,SULAWESI SELATAN,Kab. Pinrang,176.9,64570.25
2022,SULAWESI SELATAN,Kab. Pinrang,180.44,65861.77
2023,SULAWESI SELATAN,Kab. Pinrang,184.05,67178.98
2024,SULAWESI SELATAN,Kab. Pinrang,187.73,68522.47
2019,SULAWESI SELATAN,Kab. Enrekang,117.4,42850.45
2020,SULAWESI SELATAN,Kab. Enrekang,113.39,41386.62
2021,SULAWESI SELATAN,Kab. Enrekang,113.96,41596.68
2022,SULAWESI SELATAN,Kab. Enrekang,114.36,41740.67
2023,SULAWESI SELATAN,Kab. Enrekang,104.09,37991.19
2024,SULAWESI SELATAN,Kab. Enrekang,104.79,38248.08
2020,SULAWESI SELATAN,Kab. Luwu,148.46,54189.65
2024,SULAWESI SELATAN,Kab. Luwu,153.71,56104.88
2022,SULAWESI SELATAN,Kab. Tana Toraja,116.42,42492.72
2023,SULAWESI SELATAN,Kab. Tana Toraja,108.39,39563.66
2024,SULAWESI SELATAN,Kab. Tana Toraja,129.47,47255.46
2019,SULAWESI SELATAN,Kab. Luwu Utara,131.2,47887.12
2020,SULAWESI SELATAN,Kab. Luwu Utara,131.83,48119.56
2023,SULAWESI SELATAN,Kab. Luwu Utara,165.29,60330.12
2024,SULAWESI SELATAN,Kab. Luwu Utara,166.56,60795.68
2019,SULAWESI SELATAN,Kab. Luwu Timur,117.53,42898.01
2020,SULAWESI SELATAN,Kab. Luwu Timur,119.87,43752.26
2021,SULAWESI SELATAN,Kab. Luwu Timur,120.2,43874.61
2022,SULAWESI SELATAN,Kab. Luwu Timur,120.2,43874.61
2023,SULAWESI SELATAN,Kab. Luwu Timur,122.21,44606.07
2024,SULAWESI SELATAN,Kab. Luwu Timur,123.41,45045.38
2022,SULAWESI SELATAN,Kab. Toraja Utara,158.49,57847.76
2023,SULAWESI SELATAN,Kab. Toraja Utara,136.14,49692.2
2024,SULAWESI SELATAN,Kab. Toraja Utara,133.26,48638.62
2020,SULAWESI SELATAN,Kota Makassar,996.71,363800.57
2021,SULAWESI SELATAN,Kota Makassar,1023.71,373653.93
2022,SULAWESI SELATAN,Kota Makassar,1002.53,365924.29
2023,SULAWESI SELATAN,Kota Makassar,1032.08,376707.41
2024,SULAWESI SELATAN,Kota Makassar,1064.06,388381.87
2019,SULAWESI SELATAN,Kota Parepare,73.29,26751.58
2020,SULAWESI SELATAN,Kota Parepare,74.76,27286.67
2021,SULAWESI SELATAN,Kota Parepare,76.25,27832.35
2022,SULAWESI SELATAN,Kota Parepare,77.78,28388.97
2023,SULAWESI SELATAN,Kota Parepare,79.33,28956.73
2024,SULAWESI SELATAN,Kota Parepare,80.92,29535.8
2019,SULAWESI SELATAN,Kota Palopo,103.77,37876.96
2020,SULAWESI SELATAN,Kota Palopo,106.37,38823.96
2021,SULAWESI SELATAN,Kota Palopo,92.34,33704.28
2022,SULAWESI SELATAN,Kota Palopo,93.67,34187.91
2023,SULAWESI SELATAN,Kota Palopo,95.43,34833.23
2024,SULAWESI SELATAN,Kota Palopo,88.76,32398.5
2019,SULAWESI TENGAH,Kab. Banggai,185.48,67699.11
2020,SULAWESI TENGAH,Kab. Banggai,188.19,68687.53
2022,SULAWESI TENGAH,Kab. Banggai,188.4,68767.46
2023,SULAWESI TENGAH,Kab. Banggai,183.11,66835.88
2019,SULAWESI TENGAH,Kab. Poso,100.37,36633.3
2019,SULAWESI TENGAH,Kab. Donggala,120.64,44032.29
2020,SULAWESI TENGAH,Kab. Donggala,121.64,44400.06
2021,SULAWESI TENGAH,Kab. Donggala,121.64,44400.06
2022,SULAWESI TENGAH,Kab. Donggala,121.19,44232.89
2024,SULAWESI TENGAH,Kab. Donggala,123.32,45011.8
2023,SULAWESI TENGAH,Kab. Buol,60.21,21976.65
2022,SULAWESI TENGAH,Kab. Morowali,83.96,30643.58
2023,SULAWESI TENGAH,Kab. Morowali,88.12,32164.53
2024,SULAWESI TENGAH,Kab. Morowali,85.23,31107.13
2022,SULAWESI TENGAH,Kab. Banggai Kepulauan,60.07,21925.92
2023,SULAWESI TENGAH,Kab. Banggai Kepulauan,60.84,22207.33
2024,SULAWESI TENGAH,Kab. Banggai Kepulauan,60.84,22207.33
2019,SULAWESI TENGAH,Kab. Parigi Moutong,215.61,78696.74
2020,SULAWESI TENGAH,Kab. Parigi Moutong,220.01,80302.74
2021,SULAWESI TENGAH,Kab. Parigi Moutong,225.59,82341.99
2022,SULAWESI TENGAH,Kab. Parigi Moutong,226.25,82582.53
2023,SULAWESI TENGAH,Kab. Parigi Moutong,227.25,82947.89
2024,SULAWESI TENGAH,Kab. Parigi Moutong,228.52,83408.16
2021,SULAWESI TENGAH,Kab. Sigi,128.79,47008.35
2022,SULAWESI TENGAH,Kab. Sigi,128.79,47008.35
2023,SULAWESI TENGAH,Kab. Sigi,131.05,47833.43
2021,SULAWESI TENGAH,Kab. Banggai Laut,35.44,12933.78
2022,SULAWESI TENGAH,Kab. Banggai Laut,37.12,13549.9
2023,SULAWESI TENGAH,Kab. Banggai Laut,37.46,13672.9
2024,SULAWESI TENGAH,Kab. Banggai Laut,38.7,14124.59
2022,SULAWESI TENGAH,Kab. Morowali Utara,61.12,22308.8
2023,SULAWESI TENGAH,Kab. Morowali Utara,72.84,26587.7
2024,SULAWESI TENGAH,Kab. Morowali Utara,75.32,27490.71
2020,SULAWESI TENGAH,Kota Palu,198.08,72298.84
2021,SULAWESI TENGAH,Kota Palu,186.93,68228.9
2022,SULAWESI TENGAH,Kota Palu,202.94,74073.65
2023,SULAWESI TENGAH,Kota Palu,193.75,70717.47
2024,SULAWESI TENGAH,Kota Palu,194.98,71167.52
2019,SULAWESI TENGGARA,Kab. Kolaka,154.1,56245.11
2022,SULAWESI TENGGARA,Kab. Kolaka,120.61,44021.6
2023,SULAWESI TENGGARA,Kab. Kolaka,121.36,44297.57
2024,SULAWESI TENGGARA,Kab. Kolaka,120.51,43984.58
2023,SULAWESI TENGGARA,Kab. Konawe,106.52,38879.65
2024,SULAWESI TENGGARA,Kab. Konawe,133.15,48599.57
2022,SULAWESI TENGGARA,Kab. Muna,92.98,33937.55
2023,SULAWESI TENGGARA,Kab. Muna,94.11,34351.61
2019,SULAWESI TENGGARA,Kab. Buton,40.46,14768.05
2020,SULAWESI TENGGARA,Kab. Buton,40.7,14856.67
2023,SULAWESI TENGGARA,Kab. Buton,41.44,15125.75
2023,SULAWESI TENGGARA,Kab. Konawe Selatan,161.47,58937.65
2019,SULAWESI TENGGARA,Kab. Bombana,56.02,20446.57
2021,SULAWESI TENGGARA,Kab. Wakatobi,79.19,28902.67
2022,SULAWESI TENGGARA,Kab. Wakatobi,80.7,29455.57
2023,SULAWESI TENGGARA,Kab. Wakatobi,82.34,30054.47
2020,SULAWESI TENGGARA,Kab. Kolaka Utara,60.52,22088.34
2022,SULAWESI TENGGARA,Kab. Kolaka Utara,55.73,20340.57
2023,SULAWESI TENGGARA,Kab. Kolaka Utara,56.46,20608.05
2023,SULAWESI TENGGARA,Kab. Konawe Utara,28.13,10265.84
2024,SULAWESI TENGGARA,Kab. Konawe Utara,30.96,11299.09
2023,SULAWESI TENGGARA,Kab. Kolaka Timur,56.58,20651.85
2024,SULAWESI TENGGARA,Kab. Kolaka Timur,56.58,20651.85
2023,SULAWESI TENGGARA,Kab. Muna Barat,35.71,13035.61
2023,SULAWESI TENGGARA,Kab. Buton Tengah,60.14,21952.01
2022,SULAWESI TENGGARA,Kab. Buton Selatan,21.99,8026.71
2023,SULAWESI TENGGARA,Kab. Buton Selatan,23.36,8527.64
2021,SULAWESI TENGGARA,Kota Kendari,264.5,96542.67
2022,SULAWESI TENGGARA,Kota Kendari,269.8,98476.88
2023,SULAWESI TENGGARA,Kota Kendari,242.25,88420.76
2024,SULAWESI TENGGARA,Kota Kendari,252.85,92291.44
2022,SULAWESI TENGGARA,Kota Bau Bau,81.98,29923.25
2023,SULAWESI TENGGARA,Kota Bau Bau,90.0,32850.0
2024,SULAWESI TENGGARA,Kota Bau Bau,91.0,33215.0
2022,SULAWESI UTARA,Kab. Bolaang Mongondow,125.24,45712.24
2023,SULAWESI UTARA,Kab. Bolaang Mongondow,126.32,46108.26
2024,SULAWESI UTARA,Kab. Bolaang Mongondow,127.47,46527.46
2019,SULAWESI UTARA,Kab. Minahasa,171.06,62435.08
2020,SULAWESI UTARA,Kab. Minahasa,171.78,62700.43
2022,SULAWESI UTARA,Kab. Minahasa,174.34,63632.82
2023,SULAWESI UTARA,Kab. Minahasa,175.13,63922.63
2024,SULAWESI UTARA,Kab. Minahasa,176.53,64432.36
2019,SULAWESI UTARA,Kab. Kepulauan Sangihe,52.45,19145.86
2020,SULAWESI UTARA,Kab. Kepulauan Sangihe,69.63,25415.32
2021,SULAWESI UTARA,Kab. Kepulauan Sangihe,55.7,20332.25
2022,SULAWESI UTARA,Kab. Kepulauan Sangihe,55.87,20393.86
2023,SULAWESI UTARA,Kab. Kepulauan Sangihe,65.88,24045.31
2024,SULAWESI UTARA,Kab. Kepulauan Sangihe,56.25,20529.64
2019,SULAWESI UTARA,Kab. Kepulauan Talaud,64.74,23631.71
2023,SULAWESI UTARA,Kab. Kepulauan Talaud,39.04,14250.18
2024,SULAWESI UTARA,Kab. Kepulauan Talaud,40.26,14694.17
2019,SULAWESI UTARA,Kab. Minahasa Selatan,95.38,34814.43
2020,SULAWESI UTARA,Kab. Minahasa Selatan,94.59,34523.6
2021,SULAWESI UTARA,Kab. Minahasa Selatan,94.59,34523.6
2022,SULAWESI UTARA,Kab. Minahasa Selatan,94.59,34523.6
2023,SULAWESI UTARA,Kab. Minahasa Selatan,96.01,35042.92
2024,SULAWESI UTARA,Kab. Minahasa Selatan,87.02,31764.05
2019,SULAWESI UTARA,Kab. Minahasa Utara,101.81,37161.38
2020,SULAWESI UTARA,Kab. Minahasa Utara,103.85,37904.52
2022,SULAWESI UTARA,Kab. Minahasa Utara,118.12,43114.17
2023,SULAWESI UTARA,Kab. Minahasa Utara,120.48,43976.48
2019,SULAWESI UTARA,Kab. Minahasa Tenggara,43.86,16010.51
2021,SULAWESI UTARA,Kab. Minahasa Tenggara,45.37,16559.47
2022,SULAWESI UTARA,Kab. Minahasa Tenggara,46.14,16840.95
2023,SULAWESI UTARA,Kab. Minahasa Tenggara,46.92,17127.26
2024,SULAWESI UTARA,Kab. Minahasa Tenggara,47.72,17418.53
2021,SULAWESI UTARA,Kab. Bolaang Mongondow Utara,41.56,15167.94
2022,SULAWESI UTARA,Kab. Bolaang Mongondow Utara,34.66,12651.86
2023,SULAWESI UTARA,Kab. Bolaang Mongondow Utara,33.82,12343.28
2024,SULAWESI UTARA,Kab. Bolaang Mongondow Utara,34.44,12572.21
2019,SULAWESI UTARA,Kab. Kep. Siau Tagulandang Biaro,37.79,13794.08
2020,SULAWESI UTARA,Kab. Kep. Siau Tagulandang Biaro,35.91,13106.6
2022,SULAWESI UTARA,Kab. Kep. Siau Tagulandang Biaro,29.52,10776.55
2023,SULAWESI UTARA,Kab. Kep. Siau Tagulandang Biaro,28.85,10530.4
2024,SULAWESI UTARA,Kab. Kep. Siau Tagulandang Biaro,29.15,10640.92
2022,SULAWESI UTARA,Kab. Bolaang Mongondow Timur,36.92,13476.24
2024,SULAWESI UTARA,Kab. Bolaang Mongondow Timur,37.07,13529.97
2019,SULAWESI UTARA,Kab. Bolaang Mongondow Selatan,33.04,12057.96
2020,SULAWESI UTARA,Kab. Bolaang Mongondow Selatan,34.9,12736.86
2021,SULAWESI UTARA,Kab. Bolaang Mongondow Selatan,34.9,12736.86
2022,SULAWESI UTARA,Kab. Bolaang Mongondow Selatan,28.91,10553.46
2023,SULAWESI UTARA,Kab. Bolaang Mongondow Selatan,29.06,10608.36
2024,SULAWESI UTARA,Kab. Bolaang Mongondow Selatan,30.15,11004.6
2021,SULAWESI UTARA,Kota Manado,339.89,124059.81
2022,SULAWESI UTARA,Kota Manado,291.07,106241.06
2023,SULAWESI UTARA,Kota Manado,291.2,106288.37
2024,SULAWESI UTARA,Kota Manado,296.05,108059.84
2019,SULAWESI UTARA,Kota Bitung,153.3,55955.52
2020,SULAWESI UTARA,Kota Bitung,135.08,49304.35
2021,SULAWESI UTARA,Kota Bitung,158.56,57874.58
2022,SULAWESI UTARA,Kota Bitung,159.06,58055.22
2023,SULAWESI UTARA,Kota Bitung,159.06,58055.22
2024,SULAWESI UTARA,Kota Bitung,150.31,54861.98
2019,SULAWESI UTARA,Kota Tomohon,74.84,27317.29
2020,SULAWESI UTARA,Kota Tomohon,70.41,25699.98
2022,SULAWESI UTARA,Kota Tomohon,50.71,18510.43
2023,SULAWESI UTARA,Kota Tomohon,51.36,18747.13
2024,SULAWESI UTARA,Kota Tomohon,51.36,18747.13
2019,SULAWESI UTARA,Kota Kotamobagu,61.83,22566.67
2020,SULAWESI UTARA,Kota Kotamobagu,86.45,31553.74
2021,SULAWESI UTARA,Kota Kotamobagu,86.63,31620.68
2022,SULAWESI UTARA,Kota Kotamobagu,86.2,31463.8
2023,SULAWESI UTARA,Kota Kotamobagu,86.74,31661.05
2024,SULAWESI UTARA,Kota Kotamobagu,86.65,31626.81
2019,SUMATERA BARAT,Kab. Pesisir Selatan,138.21,50448.4
2020,SUMATERA BARAT,Kab. Pesisir Selatan,153.52,56034.44
2021,SUMATERA BARAT,Kab. Pesisir Selatan,151.33,55233.77
2022,SUMATERA BARAT,Kab. Pesisir Selatan,152.89,55803.17
2023,SUMATERA BARAT,Kab. Pesisir Selatan,154.96,56558.72
2024,SUMATERA BARAT,Kab. Pesisir Selatan,157.61,57526.37
2022,SUMATERA BARAT,Kab. Solok,157.69,57558.6
2023,SUMATERA BARAT,Kab. Solok,162.28,59233.95
2024,SUMATERA BARAT,Kab. Solok,162.15,59185.48
2019,SUMATERA BARAT,Kab. Sijunjung,94.34,34435.06
2020,SUMATERA BARAT,Kab. Sijunjung,95.86,34989.67
2022,SUMATERA BARAT,Kab. Sijunjung,97.3,35513.89
2023,SUMATERA BARAT,Kab. Sijunjung,99.92,36471.2
2024,SUMATERA BARAT,Kab. Sijunjung,100.18,36565.78
2019,SUMATERA BARAT,Kab. Tanah Datar,120.14,43849.48
2020,SUMATERA BARAT,Kab. Tanah Datar,120.44,43959.16
2021,SUMATERA BARAT,Kab. Tanah Datar,128.24,46806.83
2022,SUMATERA BARAT,Kab. Tanah Datar,128.92,47057.29
2023,SUMATERA BARAT,Kab. Tanah Datar,129.82,47382.56
2024,SUMATERA BARAT,Kab. Tanah Datar,131.35,47943.05
2022,SUMATERA BARAT,Kab. Padang Pariaman,218.06,79593.54
2023,SUMATERA BARAT,Kab. Padang Pariaman,218.06,79593.54
2019,SUMATERA BARAT,Kab. Agam,196.51,71727.17
2020,SUMATERA BARAT,Kab. Agam,197.85,72213.64
2021,SUMATERA BARAT,Kab. Agam,214.83,78412.95
2022,SUMATERA BARAT,Kab. Agam,213.68,77993.64
2023,SUMATERA BARAT,Kab. Agam,219.63,80163.78
2020,SUMATERA BARAT,Kab. Lima Puluh Kota,154.89,56536.46
2021,SUMATERA BARAT,Kab. Lima Puluh Kota,154.23,56295.41
2022,SUMATERA BARAT,Kab. Lima Puluh Kota,153.3,55954.79
2023,SUMATERA BARAT,Kab. Lima Puluh Kota,156.07,56964.67
2024,SUMATERA BARAT,Kab. Lima Puluh Kota,160.43,58558.56
2019,SUMATERA BARAT,Kab. Pasaman,86.56,31594.98
2021,SUMATERA BARAT,Kab. Pasaman,121.24,44253.04
2022,SUMATERA BARAT,Kab. Pasaman,121.24,44253.04
2023,SUMATERA BARAT,Kab. Pasaman,122.97,44884.05
2024,SUMATERA BARAT,Kab. Pasaman,127.23,46439.68
2019,SUMATERA BARAT,Kab. Dharmasraya,96.33,35161.11
2020,SUMATERA BARAT,Kab. Dharmasraya,97.55,35605.56
2021,SUMATERA BARAT,Kab. Dharmasraya,102.5,37411.62
2022,SUMATERA BARAT,Kab. Dharmasraya,183.04,66809.89
2023,SUMATERA BARAT,Kab. Dharmasraya,187.61,68476.63
2024,SUMATERA BARAT,Kab. Dharmasraya,121.1,44200.04
2021,SUMATERA BARAT,Kab. Solok Selatan,73.94,26988.1
2022,SUMATERA BARAT,Kab. Solok Selatan,73.94,26988.68
2023,SUMATERA BARAT,Kab. Solok Selatan,75.46,27542.75
2024,SUMATERA BARAT,Kab. Solok Selatan,76.62,27964.84
2020,SUMATERA BARAT,Kab. Pasaman Barat,177.49,64783.41
2022,SUMATERA BARAT,Kab. Pasaman Barat,175.0,63876.75
2022,SUMATERA BARAT,Kota Padang,643.76,234973.13
2023,SUMATERA BARAT,Kota Padang,647.39,236296.62
2024,SUMATERA BARAT,Kota Padang,629.7,229840.56
2019,SUMATERA BARAT,Kota Solok,49.71,18143.06
2020,SUMATERA BARAT,Kota Solok,50.7,18505.87
2021,SUMATERA BARAT,Kota Solok,53.87,19663.02
2022,SUMATERA BARAT,Kota Solok,54.27,19810.19
2023,SUMATERA BARAT,Kota Solok,55.79,20364.12
2024,SUMATERA BARAT,Kota Solok,58.73,21438.24
2019,SUMATERA BARAT,Kota Sawahlunto,18.51,6756.54
2020,SUMATERA BARAT,Kota Sawahlunto,18.77,6852.82
2021,SUMATERA BARAT,Kota Sawahlunto,18.75,6843.52
2022,SUMATERA BARAT,Kota Sawahlunto,18.86,6882.56
2023,SUMATERA BARAT,Kota Sawahlunto,18.98,6925.99
2024,SUMATERA BARAT,Kota Sawahlunto,19.15,6988.44
2019,SUMATERA BARAT,Kota Padang Panjang,46.21,16867.96
2020,SUMATERA BARAT,Kota Padang Panjang,46.63,17019.51
2021,SUMATERA BARAT,Kota Padang Panjang,48.0,17519.42
2022,SUMATERA BARAT,Kota Padang Panjang,48.95,17865.14
2023,SUMATERA BARAT,Kota Padang Panjang,49.25,17975.23
2024,SUMATERA BARAT,Kota Padang Panjang,50.71,18508.71
2019,SUMATERA BARAT,Kota Bukittinggi,113.43,41402.8
2020,SUMATERA BARAT,Kota Bukittinggi,124.3,45368.41
2022,SUMATERA BARAT,Kota Bukittinggi,125.23,45707.54
2023,SUMATERA BARAT,Kota Bukittinggi,129.42,47238.48
2024,SUMATERA BARAT,Kota Bukittinggi,132.99,48542.31
2019,SUMATERA BARAT,Kota Payakumbuh,97.38,35543.88
2020,SUMATERA BARAT,Kota Payakumbuh,97.75,35679.04
2021,SUMATERA BARAT,Kota Payakumbuh,98.8,36063.06
2022,SUMATERA BARAT,Kota Payakumbuh,100.3,36608.81
2023,SUMATERA BARAT,Kota Payakumbuh,93.26,34041.59
2022,SUMATERA BARAT,Kota Pariaman,38.26,13963.44
2023,SUMATERA BARAT,Kota Pariaman,39.79,14524.66
2024,SUMATERA BARAT,Kota Pariaman,41.11,15003.69
2019,SUMATERA SELATAN,Kab. Ogan Komering Ulu,146.76,53565.79
2020,SUMATERA SELATAN,Kab. Ogan Komering Ulu,148.85,54329.96
2022,SUMATERA SELATAN,Kab. Ogan Komering Ulu,152.21,55556.5
2023,SUMATERA SELATAN,Kab. Ogan Komering Ulu,152.0,55478.83
2024,SUMATERA SELATAN,Kab. Ogan Komering Ulu,154.94,56552.81
2019,SUMATERA SELATAN,Kab. Muara Enim,440.06,160622.89
2020,SUMATERA SELATAN,Kab. Muara Enim,406.43,148345.86
2021,SUMATERA SELATAN,Kab. Muara Enim,232.42,84833.74
2022,SUMATERA SELATAN,Kab. Muara Enim,232.61,84901.04
2023,SUMATERA SELATAN,Kab. Muara Enim,232.8,84971.42
2024,SUMATERA SELATAN,Kab. Muara Enim,235.17,85838.07
2021,SUMATERA SELATAN,Kab. Lahat,307.84,112361.75
2022,SUMATERA SELATAN,Kab. Lahat,269.61,98406.85
2023,SUMATERA SELATAN,Kab. Lahat,268.64,98053.34
2024,SUMATERA SELATAN,Kab. Lahat,275.34,100498.31
2019,SUMATERA SELATAN,Kab. Musi Rawas,283.62,103522.21
2020,SUMATERA SELATAN,Kab. Musi Rawas,284.34,103783.08
2022,SUMATERA SELATAN,Kab. Musi Rawas,255.5,93259.27
2024,SUMATERA SELATAN,Kab. Musi Rawas,168.6,61540.61
2020,SUMATERA SELATAN,Kab. Musi Banyuasin,259.16,94593.69
2021,SUMATERA SELATAN,Kab. Musi Banyuasin,248.88,90842.08
2022,SUMATERA SELATAN,Kab. Musi Banyuasin,257.93,94145.47
2023,SUMATERA SELATAN,Kab. Musi Banyuasin,253.25,92436.1
2024,SUMATERA SELATAN,Kab. Musi Banyuasin,282.92,103264.34
2020,SUMATERA SELATAN,Kab. Banyuasin,568.29,207426.14
2022,SUMATERA SELATAN,Kab. Banyuasin,578.73,211235.9
2020,SUMATERA SELATAN,Kab. Ogan Komering Ulu Timur,482.95,176275.84
2021,SUMATERA SELATAN,Kab. Ogan Komering Ulu Timur,280.08,102228.32
2022,SUMATERA SELATAN,Kab. Ogan Komering Ulu Timur,282.14,102981.68
2023,SUMATERA SELATAN,Kab. Ogan Komering Ulu Timur,281.12,102609.82
2024,SUMATERA SELATAN,Kab. Ogan Komering Ulu Timur,281.12,102609.82
2020,SUMATERA SELATAN,Kab. Ogan Ilir,294.55,107510.06
2023,SUMATERA SELATAN,Kab. Ogan Ilir,175.79,64162.47
2019,SUMATERA SELATAN,Kab. Empat Lawang,175.15,63928.4
2020,SUMATERA SELATAN,Kab. Empat Lawang,177.29,64711.0
2022,SUMATERA SELATAN,Kab. Penukal Abab Lematang Ilir,102.24,37316.32
2023,SUMATERA SELATAN,Kab. Penukal Abab Lematang Ilir,104.89,38283.21
2024,SUMATERA SELATAN,Kab. Penukal Abab Lematang Ilir,106.11,38730.15
2023,SUMATERA SELATAN,Kab. Musi Rawas Utara,77.8,28398.02
2019,SUMATERA SELATAN,Kota Palembang,1164.03,424869.16
2020,SUMATERA SELATAN,Kota Palembang,1168.19,426390.66
2021,SUMATERA SELATAN,Kota Palembang,1180.25,430791.65
2022,SUMATERA SELATAN,Kota Palembang,1204.97,439815.66
2023,SUMATERA SELATAN,Kota Pagar Alam,73.92,26980.07
2024,SUMATERA SELATAN,Kota Pagar Alam,76.77,28021.42
2019,SUMATERA SELATAN,Kota Prabumulih,93.42,34097.21
2020,SUMATERA SELATAN,Kota Prabumulih,94.46,34479.54
2021,SUMATERA SELATAN,Kota Prabumulih,97.06,35426.54
2022,SUMATERA SELATAN,Kota Prabumulih,98.41,35918.19
2023,SUMATERA SELATAN,Kota Prabumulih,99.74,36405.83
2024,SUMATERA SELATAN,Kota Prabumulih,101.66,37104.08
2021,SUMATERA UTARA,Kab. Tapanuli Tengah,182.59,66644.8
2022,SUMATERA UTARA,Kab. Tapanuli Tengah,184.65,67397.25
2021,SUMATERA UTARA,Kab. Tapanuli Utara,128.22,46799.13
2022,SUMATERA UTARA,Kab. Nias,58.28,21272.35
2023,SUMATERA UTARA,Kab. Nias,58.76,21446.67
2024,SUMATERA UTARA,Kab. Nias,59.2,21606.39
2019,SUMATERA UTARA,Kab. Langkat,416.71,152099.15
2020,SUMATERA UTARA,Kab. Langkat,412.08,150409.49
2021,SUMATERA UTARA,Kab. Langkat,519.69,189685.76
2022,SUMATERA UTARA,Kab. Langkat,521.44,190323.78
2023,SUMATERA UTARA,Kab. Langkat,521.55,190367.39
2024,SUMATERA UTARA,Kab. Langkat,533.36,194674.76
2021,SUMATERA UTARA,Kab. Karo,226.8,82781.59
2019,SUMATERA UTARA,Kab. Deli Serdang,1077.81,393401.56
2020,SUMATERA UTARA,Kab. Deli Serdang,1097.85,400716.89
2021,SUMATERA UTARA,Kab. Deli Serdang,1118.16,408129.86
2022,SUMATERA UTARA,Kab. Deli Serdang,1126.61,411211.01
2023,SUMATERA UTARA,Kab. Deli Serdang,1126.61,411211.01
2021,SUMATERA UTARA,Kab. Simalungun,519.06,189456.9
2022,SUMATERA UTARA,Kab. Simalungun,510.81,186444.74
2023,SUMATERA UTARA,Kab. Simalungun,510.81,186444.74
2024,SUMATERA UTARA,Kab. Simalungun,517.96,189055.4
2021,SUMATERA UTARA,Kab. Asahan,466.58,170300.09
2022,SUMATERA UTARA,Kab. Asahan,472.78,172564.99
2021,SUMATERA UTARA,Kab. Labuhanbatu,249.99,91246.72
2022,SUMATERA UTARA,Kab. Labuhanbatu,356.18,130004.53
2023,SUMATERA UTARA,Kab. Labuhanbatu,366.68,133837.54
2019,SUMATERA UTARA,Kab. Dairi,113.28,41347.64
2020,SUMATERA UTARA,Kab. Dairi,113.72,41508.38
2024,SUMATERA UTARA,Kab. Dairi,132.23,48265.41
2021,SUMATERA UTARA,Kab. Toba,108.24,39509.06
2022,SUMATERA UTARA,Kab. Toba,109.93,40123.08
2023,SUMATERA UTARA,Kab. Toba,111.02,40522.11
2024,SUMATERA UTARA,Kab. Toba,110.35,40278.85
2023,SUMATERA UTARA,Kab. Mandailing Natal,193.95,70791.6
2023,SUMATERA UTARA,Kab. Pakpak Bharat,21.84,7973.06
2019,SUMATERA UTARA,Kab. Humbang Hasundutan,56.54,20638.56
2020,SUMATERA UTARA,Kab. Humbang Hasundutan,57.06,20825.37
2022,SUMATERA UTARA,Kab. Humbang Hasundutan,59.33,21653.73
2023,SUMATERA UTARA,Kab. Humbang Hasundutan,61.41,22415.85
2024,SUMATERA UTARA,Kab. Humbang Hasundutan,61.41,22414.65
2019,SUMATERA UTARA,Kab. Samosir,82.02,29938.1
2020,SUMATERA UTARA,Kab. Samosir,88.69,32370.63
2021,SUMATERA UTARA,Kab. Samosir,89.5,32668.38
2024,SUMATERA UTARA,Kab. Samosir,57.23,20888.37
2019,SUMATERA UTARA,Kota Medan,1704.02,621968.76
2020,SUMATERA UTARA,Kota Medan,1704.68,622206.89
2021,SUMATERA UTARA,Kota Medan,1767.16,645012.56
2022,SUMATERA UTARA,Kota Medan,1722.6,628749.22
2023,SUMATERA UTARA,Kota Medan,1768.94,645661.28
2024,SUMATERA UTARA,Kota Medan,1731.92,632149.41
2019,SUMATERA UTARA,Kota Pematangsiantar,229.79,83871.96
2021,SUMATERA UTARA,Kota Pematangsiantar,233.02,85052.0
2022,SUMATERA UTARA,Kota Pematangsiantar,241.43,88121.44
2023,SUMATERA UTARA,Kota Pematangsiantar,160.73,58664.63
2020,SUMATERA UTARA,Kota Sibolga,61.34,22388.44
2023,SUMATERA UTARA,Kota Sibolga,39.49,14413.56
2024,SUMATERA UTARA,Kota Sibolga,41.29,15069.44
2024,SUMATERA UTARA,Kota Tanjung Balai,93.1,33982.78
2019,SUMATERA UTARA,Kota Tebing Tinggi,121.18,44229.35
2020,SUMATERA UTARA,Kota Tebing Tinggi,122.54,44726.04
2021,SUMATERA UTARA,Kota Tebing Tinggi,123.5,45077.61
2022,SUMATERA UTARA,Kota Tebing Tinggi,124.63,45488.2
2023,SUMATERA UTARA,Kota Tebing Tinggi,126.39,46131.55
2022,SUMATERA UTARA,Kota Padangsidimpuan,161.82,59065.98
2023,SUMATERA UTARA,Kota Padangsidimpuan,165.35,60353.44
